name,datetime,tempmax,tempmin,temp,feelslikemax,feelslikemin,feelslike,dew,humidity,precip,precipprob,precipcover,preciptype,snow,snowdepth,windgust,windspeed,winddir,sealevelpressure,cloudcover,visibility,solarradiation,solarenergy,uvindex,severerisk,sunrise,sunset,moonphase,conditions,description,icon,stations
"Delhi, DL, India",2026-01-01,19.2,7.9,13,0,0,6.6,9.3,81.5,3.6,4.8,2,,,,,12.2,182.4,1017.7,22.7,0.9,,,,,2026-01-01T07:14:04,2026-01-01T17:35:22,0.43,Partially cloudy,,fog,
"Delhi, DL, India",2026-01-02,18.3,7.9,12.3,0,0,4.7,9.1,83.4,2.4,4.8,2,,,,,12.6,220.8,1018.5,16.6,0.9,,,,,2026-01-02T07:14:19,2026-01-02T17:36:04,0.46,Clear,,fog,
"Delhi, DL, India",2026-01-03,17.8,7.6,12.1,0,0,6,8.8,82.5,0,0,0,,,,,14,244.1,1018.6,17.8,0.9,,,,,2026-01-03T07:14:32,2026-01-03T17:36:46,0.5,Clear,,fog,
"Delhi, DL, India",2026-01-04,18,7.1,12,0,0,5,8.2,80.6,0,0,0,,,,,15.5,216,1018.3,26.3,1,,,,,2026-01-04T07:14:44,2026-01-04T17:37:30,0.53,Partially cloudy,,partly-cloudy-day,
"Delhi, DL, India",2026-01-05,18.5,7.3,12.1,0,0,5.4,8.3,80.8,0,0,0,,,,40.7,15.5,214.9,1017.2,19.9,1.1,,,,,2026-01-05T07:14:54,2026-01-05T17:38:14,0.56,Clear,,clear-day,
"Delhi, DL, India",2026-01-06,18,7.8,12.2,0,0,5.4,8.5,80.8,2,9.5,4,,,,,14.8,210.3,1017.4,21.7,1.1,,,,,2026-01-06T07:15:03,2026-01-06T17:38:59,0.59,Partially cloudy,,partly-cloudy-day,
"Delhi, DL, India",2026-01-07,17.8,7,11.8,0,0,5,8,80.8,1.5,0,0,,,,,14.8,228.9,1018,18.7,1.1,,,,,2026-01-07T07:15:10,2026-01-07T17:39:45,0.62,Clear,,clear-day,
"Delhi, DL, India",2026-01-08,18,6.8,11.6,0,0,27.1,7.6,80.1,0,0,0,,,,,14.4,230.1,1018.2,18.4,1.1,,,,,2026-01-08T07:15:15,2026-01-08T17:40:31,0.66,Clear,,clear-day,
"Delhi, DL, India",2026-01-09,18.3,7.3,12.2,0,0,5.4,7.9,78.4,0.3,4.8,2,,,,29.5,14.8,233.8,1017.9,22.3,1.3,,,,,2026-01-09T07:15:19,2026-01-09T17:41:18,0.69,Partially cloudy,,partly-cloudy-day,
"Delhi, DL, India",2026-01-10,18.6,7.4,12.4,0,0,5.3,7.8,76.7,0.3,0,0,,,,,15.5,261.8,1017.7,20.8,1.5,,,,,2026-01-10T07:15:21,2026-01-10T17:42:05,0.75,Partially cloudy,,partly-cloudy-day,
"Delhi, DL, India",2026-01-11,19.4,6.6,12.4,0,0,4.6,7.3,74.3,0,0,0,,,,27.7,17.3,246.7,1017.7,12.7,1.5,,,,,2026-01-11T07:15:22,2026-01-11T17:42:53,0.75,Clear,,clear-day,
"Delhi, DL, India",2026-01-12,20.1,7,12.9,0,0,6.2,7.7,74.4,0.2,4.8,2,,,,,16.6,206.7,1017.4,15.6,1.4,,,,,2026-01-12T07:15:21,2026-01-12T17:43:41,0.79,Clear,,clear-day,
"Delhi, DL, India",2026-01-13,20.4,7.7,13.4,0,0,5.7,8.4,74.9,1.9,0,0,,,,,16.6,223.3,1017.1,16.8,1.3,,,,,2026-01-13T07:15:19,2026-01-13T17:44:29,0.82,Clear,,clear-day,
"Delhi, DL, India",2026-01-14,20,7.9,13.4,0,0,5.8,8,73.7,0.1,0,0,,,,33.5,17.3,244.9,1016.8,22,1.4,,,,,2026-01-14T07:15:14,2026-01-14T17:45:18,0.85,Partially cloudy,,partly-cloudy-day,
"Delhi, DL, India",2026-01-15,19.9,8.3,13.5,0,0,6,8,73.5,2.6,9.5,4,,,,,14.8,213.4,1017.2,28.9,1.5,,,,,2026-01-15T07:15:09,2026-01-15T17:46:08,0.88,Partially cloudy,,partly-cloudy-day,
"Delhi, DL, India",2026-01-16,19.7,9.1,13.9,0,0,6.2,9,75.5,2.3,0,0,,,,,16.6,221.6,1017.3,32.9,1.4,,,,,2026-01-16T07:15:01,2026-01-16T17:46:57,0.92,Partially cloudy,,partly-cloudy-day,
"Delhi, DL, India",2026-01-17,19.3,8.9,13.5,0,0,26.9,9.5,79.4,0.4,9.5,4,,,,,15.5,207,1016.8,28,1.2,,,,,2026-01-17T07:14:52,2026-01-17T17:47:47,0.95,Partially cloudy,,partly-cloudy-day,
"Delhi, DL, India",2026-01-18,19.7,8.7,13.7,0,0,26.9,9.4,78.8,2.2,4.8,2,,,,,15.8,226.4,1016.7,26.7,1.4,,,,,2026-01-18T07:14:42,2026-01-18T17:48:37,0.98,Partially cloudy,,partly-cloudy-day,
"Delhi, DL, India",2026-01-19,19.9,8.1,13.2,0,0,6.4,8.9,78.4,0.1,0,0,,,,,15.1,250.4,1017.4,20,1.4,,,,,2026-01-19T07:14:29,2026-01-19T17:49:27,0,Clear,,clear-day,
"Delhi, DL, India",2026-01-20,19.7,7.3,12.9,0,0,27.7,7.8,75.1,0,0,0,,,,,16.6,233,1017.5,18.4,1.5,,,,,2026-01-20T07:14:16,2026-01-20T17:50:18,0.05,Clear,,clear-day,
"Delhi, DL, India",2026-01-21,19.5,7.9,13.3,0,0,4.8,7.5,71.8,1.1,0,0,,,,44.6,18.7,218,1017.3,30.8,1.8,,,,,2026-01-21T07:14:00,2026-01-21T17:51:08,0.09,Partially cloudy,,partly-cloudy-day,
"Delhi, DL, India",2026-01-22,19.7,8.4,13.8,0,0,5.1,8.5,74.1,2.5,9.5,4,,,,35.3,15.5,191,1016.5,38.9,1.7,,,,,2026-01-22T07:13:43,2026-01-22T17:51:58,0.12,Partially cloudy,,partly-cloudy-day,
"Delhi, DL, India",2026-01-23,20.5,8.4,14,0,0,6.7,8.8,74.7,0.6,0,0,,,,,15.8,234.4,1016.6,27,1.6,,,,,2026-01-23T07:13:25,2026-01-23T17:52:49,0.16,Partially cloudy,,partly-cloudy-day,
"Delhi, DL, India",2026-01-24,20.3,8.1,14,0,0,4.2,8.4,73.6,0.1,0,0,,,,,18,249.7,1017.2,21.2,1.7,,,,,2026-01-24T07:13:05,2026-01-24T17:53:39,0.19,Partially cloudy,,partly-cloudy-day,
"Delhi, DL, India",2026-01-25,20.6,9,14.2,0,0,6.3,8.5,73.1,0.9,9.5,4,,,,,17.6,231.7,1017,30.8,1.7,,,,,2026-01-25T07:12:43,2026-01-25T17:54:30,0.23,Partially cloudy,,partly-cloudy-day,
"Delhi, DL, India",2026-01-26,21,9.1,14.5,0,0,27.6,9,73.7,3.5,4.8,2,,,,33.5,17.6,233.7,1017,27,1.8,,,,,2026-01-26T07:12:20,2026-01-26T17:55:20,0.25,Partially cloudy,,partly-cloudy-day,
"Delhi, DL, India",2026-01-27,21.2,8.4,14.4,0,0,28,9,73.2,2.8,4.8,2,,,,33.5,18,242.5,1016.7,23.4,1.8,,,,,2026-01-27T07:11:55,2026-01-27T17:56:10,0.3,Partially cloudy,,partly-cloudy-day,
"Delhi, DL, India",2026-01-28,21,8.5,14.3,0,0,28.1,8.7,72.8,1.2,0,0,,,,40.7,17.3,246.1,1016.5,27.8,1.8,,,,,2026-01-28T07:11:29,2026-01-28T17:57:00,0.33,Partially cloudy,,partly-cloudy-day,
"Delhi, DL, India",2026-01-29,22.4,8.8,15,0,0,28.1,9,71.2,0,0,0,,,,,15.8,236.5,1016.7,23.9,1.9,,,,,2026-01-29T07:11:02,2026-01-29T17:57:50,0.37,Partially cloudy,,partly-cloudy-day,
"Delhi, DL, India",2026-01-30,22.2,9.5,15.5,0,0,27.3,9.5,71.3,0.4,0,0,,,,,16.6,220.7,1016.3,24.1,1.7,,,,,2026-01-30T07:10:32,2026-01-30T17:58:40,0.41,Partially cloudy,,partly-cloudy-day,
"Delhi, DL, India",2026-01-31,21.6,9.4,15.2,0,0,26.9,9.6,72.9,1.1,0,0,,,,30.6,18.7,235.2,1016.5,23.4,1.9,,,,,2026-01-31T07:10:02,2026-01-31T17:59:30,0.44,Partially cloudy,,partly-cloudy-day,
"Delhi, DL, India",2026-02-01,21.7,8.9,14.8,0,0,26.7,8.7,71.1,0,0,0,,,,,16.6,228.5,1016.9,16.8,1.9,,,,,2026-02-01T07:09:30,2026-02-01T18:00:19,0.48,Clear,,clear-day,
"Delhi, DL, India",2026-02-02,22.1,8.7,15.1,0,0,27.6,8.6,69.6,0,0,0,,,,37.1,17.3,234.8,1017.3,22.3,1.8,,,,,2026-02-02T07:08:56,2026-02-02T18:01:08,0.5,Partially cloudy,,partly-cloudy-day,
"Delhi, DL, India",2026-02-03,23,9.4,15.7,0,0,26.9,8.6,67.3,0,4.8,2,,,,,16.9,230.6,1016.9,21.3,2,,,,,2026-02-03T07:08:22,2026-02-03T18:01:57,0.54,Partially cloudy,,partly-cloudy-day,
"Delhi, DL, India",2026-02-04,23.1,9.7,16,0,0,27.2,9,67.4,1.7,4.8,2,,,,,17.6,222.8,1015.7,22.4,2.1,,,,,2026-02-04T07:07:46,2026-02-04T18:02:46,0.58,Partially cloudy,,partly-cloudy-day,
"Delhi, DL, India",2026-02-05,22.7,10.2,16.1,0,0,27.2,9.6,69.4,5.4,4.8,2,,,,,16.9,218.3,1015.4,30,1.8,,,,,2026-02-05T07:07:08,2026-02-05T18:03:34,0.61,Partially cloudy,,partly-cloudy-day,
"Delhi, DL, India",2026-02-06,23.4,10.6,16.9,0,0,27.2,10.2,69,1.2,0,0,,,,27.7,18,211.1,1015.1,30.5,2,,,,,2026-02-06T07:06:29,2026-02-06T18:04:22,0.64,Partially cloudy,,partly-cloudy-day,
"Delhi, DL, India",2026-02-07,22.9,10.9,16.6,0,0,28.6,10.1,69.4,1.7,4.8,2,,,,37.1,18.7,204.4,1014.6,31.3,2.2,,,,,2026-02-07T07:05:49,2026-02-07T18:05:09,0.67,Partially cloudy,,partly-cloudy-day,
"Delhi, DL, India",2026-02-08,21.8,10.2,15.8,0,0,27.4,9.6,70.6,2,4.8,2,,,,29.5,18,226.4,1015.4,27.7,2,,,,,2026-02-08T07:05:08,2026-02-08T18:05:57,0.7,Partially cloudy,,partly-cloudy-day,
"Delhi, DL, India",2026-02-09,22.4,9.2,15.7,0,0,27.9,8.7,67.4,0.3,0,0,,,,,21.2,240.9,1015.8,15.1,2.3,,,,,2026-02-09T07:04:25,2026-02-09T18:06:44,0.75,Clear,,clear-day,
"Delhi, DL, India",2026-02-10,22.4,9.6,15.9,0,0,6.5,9,68.1,1.7,4.8,2,,,,29.5,19.4,225.8,1015.6,26,2.1,,,,,2026-02-10T07:03:41,2026-02-10T18:07:30,0.77,Partially cloudy,,partly-cloudy-day,
"Delhi, DL, India",2026-02-11,22.6,10.1,16.1,0,0,27.2,9.4,68.9,7.4,4.8,2,,,,,18,212.5,1015.6,30.1,2.2,,,,,2026-02-11T07:02:56,2026-02-11T18:08:16,0.8,Partially cloudy,,partly-cloudy-day,
"Delhi, DL, India",2026-02-12,23.7,10.5,16.8,0,0,27.8,10.2,69.5,2.2,0,0,,,,,15.8,210.9,1016.3,26.3,1.9,,,,,2026-02-12T07:02:10,2026-02-12T18:09:02,0.83,Partially cloudy,,partly-cloudy-day,
"Delhi, DL, India",2026-02-13,24.3,11,17.2,0,0,28.1,10.1,67.5,1.3,0,0,,,,,19.1,226.1,1015.5,25.2,2.1,,,,,2026-02-13T07:01:23,2026-02-13T18:09:48,0.86,Partially cloudy,,partly-cloudy-day,
"Delhi, DL, India",2026-02-14,23.6,11.3,17.4,0,0,28.2,10.3,66.9,3.3,0,0,,,,37.1,19.4,237.1,1014.8,32.9,2.3,,,,,2026-02-14T07:00:34,2026-02-14T18:10:33,0.9,Partially cloudy,,partly-cloudy-day,
"Delhi, DL, India",2026-02-15,23.3,11.8,17.3,0,0,26.9,10.5,68.3,0.9,9.5,4,,,,,16.9,223.9,1014.6,40.1,2.2,,,,,2026-02-15T06:59:44,2026-02-15T18:11:17,0.93,Partially cloudy,,partly-cloudy-day,
"Delhi, DL, India",2026-02-16,23.8,11.3,17.6,0,0,27.6,11,69.1,3.8,0,0,,,,33.5,16.2,230.6,1014.7,33.1,2.1,,,,,2026-02-16T06:58:54,2026-02-16T18:12:01,0.96,Partially cloudy,,partly-cloudy-day,
"Delhi, DL, India",2026-02-17,24.1,11.9,17.7,0,0,27.3,11.1,69,0.1,0,0,,,,33.5,18.7,226.3,1014.5,32.4,2,,,,,2026-02-17T06:58:02,2026-02-17T18:12:45,0,Partially cloudy,,partly-cloudy-day,
"Delhi, DL, India",2026-02-18,24.9,12.1,18.2,0,0,28.2,11.4,68.3,0.2,0,0,,,,,22,220.9,1014,24.2,2.2,,,,,2026-02-18T06:57:09,2026-02-18T18:13:29,0.03,Partially cloudy,,partly-cloudy-day,
"Delhi, DL, India",2026-02-19,25.8,12.4,18.9,0,0,28.4,11.1,65.1,0.6,4.8,2,,,,,17.6,243.2,1014.2,26,2.3,,,,,2026-02-19T06:56:16,2026-02-19T18:14:12,0.06,Partially cloudy,,partly-cloudy-day,
"Delhi, DL, India",2026-02-20,25.9,12.5,19.1,0,0,28.7,11.1,64.4,1.1,9.5,4,,,,,18,232.3,1014.5,23.2,2.3,,,,,2026-02-20T06:55:21,2026-02-20T18:14:54,0.1,Partially cloudy,,partly-cloudy-day,
"Delhi, DL, India",2026-02-21,26.4,12.6,19.2,0,0,28.1,11.1,63.4,0.2,0,0,,,,27.7,18.7,231.6,1014.2,18.9,2.6,,,,,2026-02-21T06:54:26,2026-02-21T18:15:36,0.13,Clear,,clear-day,
"Delhi, DL, India",2026-02-22,26.5,13.4,19.8,0,0,28.1,11.6,63.2,6.5,4.8,2,,,,37.1,19.4,235.5,1014,23.3,2.5,,,,,2026-02-22T06:53:29,2026-02-22T18:16:18,0.17,Partially cloudy,,partly-cloudy-day,
"Delhi, DL, India",2026-02-23,26.3,13.3,19.7,0,0,28.3,11.5,63,0.6,4.8,2,,,,44.6,18.4,223.4,1013.7,26.6,2.5,,,,,2026-02-23T06:52:32,2026-02-23T18:16:59,0.21,Partially cloudy,,partly-cloudy-day,
"Delhi, DL, India",2026-02-24,26.4,13.4,19.8,0,0,28.7,11.5,62.6,0.8,14.3,6,,,,41.4,18.4,234.1,1013.3,29.8,2.5,,,,,2026-02-24T06:51:34,2026-02-24T18:17:40,0.25,Partially cloudy,,partly-cloudy-day,
"Delhi, DL, India",2026-02-25,26.2,13.4,19.7,0,0,28.4,10.9,60.9,2.2,4.8,2,,,,40.7,18.7,247,1013.1,27.7,2.6,,,,,2026-02-25T06:50:35,2026-02-25T18:18:21,0.28,Partially cloudy,,partly-cloudy-day,
"Delhi, DL, India",2026-02-26,26.1,12.8,19.5,0,0,27.9,10.1,58.6,0.4,4.8,2,,,,41,19.4,231.7,1013,26,2.7,,,,,2026-02-26T06:49:35,2026-02-26T18:19:01,0.31,Partially cloudy,,partly-cloudy-day,
"Delhi, DL, India",2026-02-27,26.9,13,20.1,0,0,27.8,10.2,57.1,0,0,0,,,,,19.8,227.3,1013.1,16.9,2.8,,,,,2026-02-27T06:48:34,2026-02-27T18:19:41,0.35,Clear,,clear-day,
"Delhi, DL, India",2026-02-28,27.1,13.1,20.3,0,0,28.8,10.8,58.9,2,4.8,2,,,,31.7,19.8,222.1,1013.3,23.3,2.8,,,,,2026-02-28T06:47:33,2026-02-28T18:20:20,0.39,Partially cloudy,,partly-cloudy-day,
"Delhi, DL, India",2026-03-01,27.3,14,20.7,0,0,28.9,11.3,59.7,1.9,7.7,3,,,,37.1,19.8,217.4,1012.4,26.6,2.7,,,,,2026-03-01T06:46:31,2026-03-01T18:21:00,0.42,Partially cloudy,,partly-cloudy-day,
"Delhi, DL, India",2026-03-02,27.1,14.1,20.4,0,0,28.8,11.7,62.1,2.3,4.8,2,,,,33.5,19.8,229.8,1012.4,26.3,2.5,,,,,2026-03-02T06:45:29,2026-03-02T18:21:38,0.46,Partially cloudy,,partly-cloudy-day,
"Delhi, DL, India",2026-03-03,27.8,13.9,20.7,0,0,29,11.1,59.8,0.5,0,0,,,,29.5,18,229.8,1012.2,22.9,2.6,,,,,2026-03-03T06:44:26,2026-03-03T18:22:17,0.5,Partially cloudy,,partly-cloudy-day,
"Delhi, DL, India",2026-03-04,28.1,14.8,21.2,0,0,30.1,11.2,57.5,0.2,0,0,,,,29.5,21.2,235.5,1011.5,29.2,2.6,,,,,2026-03-04T06:43:22,2026-03-04T18:22:55,0.53,Partially cloudy,,partly-cloudy-day,
"Delhi, DL, India",2026-03-05,28.3,14.1,21.2,0,0,28.6,11,56.9,0.4,4.8,2,,,,30.6,20.5,250.4,1012,19.1,2.8,,,,,2026-03-05T06:42:18,2026-03-05T18:23:32,0.56,Clear,,clear-day,
"Delhi, DL, India",2026-03-06,28.4,14,21.2,0,0,28.7,10.7,56,0.3,0,0,,,,34.6,19.8,245.6,1012.3,16.5,2.9,,,,,2026-03-06T06:41:13,2026-03-06T18:24:10,0.59,Clear,,clear-day,
"Delhi, DL, India",2026-03-07,28.9,14.3,21.7,0,0,29.2,10.9,54.8,0.4,0,0,,,,29.5,19.1,214.1,1012,17.3,2.9,,,,,2026-03-07T06:40:07,2026-03-07T18:24:47,0.62,Clear,,clear-day,
"Delhi, DL, India",2026-03-08,28.5,14.9,21.8,0,0,29,11.4,55.7,0.2,0,0,,,,33.5,19.1,213.8,1012.1,19.5,2.9,,,,,2026-03-08T06:39:01,2026-03-08T18:25:24,0.65,Clear,,clear-day,
"Delhi, DL, India",2026-03-09,28.3,15.1,21.8,0,0,28.3,11.3,55.6,0.4,0,0,,,,31.7,20.5,221.6,1012.7,25.5,2.9,,,,,2026-03-09T06:37:55,2026-03-09T18:26:00,0.69,Partially cloudy,,partly-cloudy-day,
"Delhi, DL, India",2026-03-10,28,15.2,21.8,0,0,28.6,11.3,55.3,0.2,0,0,,,,37.1,19.4,220.3,1012.6,27,2.9,,,,,2026-03-10T06:36:48,2026-03-10T18:26:36,0.72,Partially cloudy,,partly-cloudy-day,
"Delhi, DL, India",2026-03-11,28.3,15,21.6,0,0,28.9,11.6,57.5,1.8,9.5,4,,,,41,19.4,220.3,1012.2,26.8,2.9,,,,,2026-03-11T06:35:41,2026-03-11T18:27:12,0.75,Partially cloudy,,partly-cloudy-day,
"Delhi, DL, India",2026-03-12,28.7,15.3,22,0,0,29.2,12,57.7,1.6,14.3,6,,,,39.2,19.8,218.6,1012.3,29.9,2.8,,,,,2026-03-12T06:34:34,2026-03-12T18:27:48,0.78,Partially cloudy,,partly-cloudy-day,
"Delhi, DL, India",2026-03-13,28.8,15.4,22.2,0,0,29.5,12,57.1,3.2,4.8,2,,,,29.5,18,212.8,1012.5,28.6,2.8,,,,,2026-03-13T06:33:26,2026-03-13T18:28:24,0.81,Partially cloudy,,partly-cloudy-day,
"Delhi, DL, India",2026-03-14,28.2,15.6,21.9,0,0,29.4,11.8,57.2,3.3,0,0,,,,32.4,19.4,220.9,1012.9,26.8,2.9,,,,,2026-03-14T06:32:17,2026-03-14T18:28:59,0.85,Partially cloudy,,partly-cloudy-day,
"Delhi, DL, India",2026-03-15,29.3,15.1,22.3,0,0,29.6,12.1,56.9,0.3,0,0,,,,27.7,20.5,249.4,1012.5,16.7,2.8,,,,,2026-03-15T06:31:09,2026-03-15T18:29:34,0.88,Clear,,clear-day,
"Delhi, DL, India",2026-03-16,30.5,15.8,23.4,0,0,30.4,12.4,54.6,0,0,0,,,,,19.1,243.8,1011.3,18.6,2.7,,,,,2026-03-16T06:30:00,2026-03-16T18:30:09,0.91,Clear,,clear-day,
"Delhi, DL, India",2026-03-17,31.8,16.4,24.2,0,0,31.3,12.5,53.1,0,0,0,,,,33.5,19.8,233,1010.5,14,2.8,,,,,2026-03-17T06:28:51,2026-03-17T18:30:43,0.94,Clear,,clear-day,
"Delhi, DL, India",2026-03-18,31.9,17.1,24.7,0,0,31.2,12.7,52,0.1,0,0,,,,37.1,19.8,235,1010.2,17.7,2.8,,,,,2026-03-18T06:27:42,2026-03-18T18:31:18,0.97,Clear,,clear-day,
"Delhi, DL, India",2026-03-19,32.5,17.5,25,0,0,31.8,13.1,52.1,0.7,9.5,4,,,,27.7,19.4,224.9,1009.9,19.1,2.6,,,,,2026-03-19T06:26:33,2026-03-19T18:31:52,0,Clear,,clear-day,
"Delhi, DL, India",2026-03-20,32.7,18,25.4,0,0,31.6,12.6,49.9,0.4,4.8,2,,,,38.9,20.5,211.8,1009.1,26.9,2.7,,,,,2026-03-20T06:25:24,2026-03-20T18:32:26,0.04,Partially cloudy,,partly-cloudy-day,
"Delhi, DL, India",2026-03-21,31.8,18.1,24.9,0,0,31.5,12.4,50,1.2,4.8,2,,,,32.8,21.2,231.8,1009,27.4,2.9,,,,,2026-03-21T06:24:14,2026-03-21T18:33:00,0.08,Partially cloudy,,partly-cloudy-day,
"Delhi, DL, India",2026-03-22,32,17.3,25,0,0,30.9,12.3,49.4,0.4,0,0,,,,34.2,22.3,250.3,1008.8,16.5,3,,,,,2026-03-22T06:23:04,2026-03-22T18:33:34,0.11,Clear,,clear-day,
"Delhi, DL, India",2026-03-23,32.6,17.9,25.3,0,0,31.6,12.2,48.8,0,0,0,,,,35.3,19.1,241.4,1009.1,18.1,2.9,,,,,2026-03-23T06:21:55,2026-03-23T18:34:08,0.15,Clear,,clear-day,
"Delhi, DL, India",2026-03-24,33.1,18.3,25.8,0,0,32.4,12.4,47.5,0.1,4.8,2,,,,30.6,23.4,231,1009.3,20.7,3.1,,,,,2026-03-24T06:20:45,2026-03-24T18:34:42,0.19,Partially cloudy,,partly-cloudy-day,
"Delhi, DL, India",2026-03-25,32.6,18.1,25.8,0,0,31.5,12.7,48.9,0.3,0,0,,,,33.5,19.1,223.6,1009.4,24.3,2.9,,,,,2026-03-25T06:19:35,2026-03-25T18:35:15,0.22,Partially cloudy,,partly-cloudy-day,
"Delhi, DL, India",2026-03-26,32.7,18.5,26,0,0,31.5,12.7,48,2.4,0,0,,,,40,22.3,245.4,1009.4,17.2,2.9,,,,,2026-03-26T06:18:26,2026-03-26T18:35:49,0.25,Clear,,clear-day,
"Delhi, DL, India",2026-03-27,33.4,18.8,26.3,0,0,32,12.5,46.3,0.1,0,0,,,,36,25.9,267.9,1009.3,23,3,,,,,2026-03-27T06:17:16,2026-03-27T18:36:22,0.29,Partially cloudy,,partly-cloudy-day,
"Delhi, DL, India",2026-03-28,34.2,18.6,26.6,0,0,33.1,12.7,47,0.6,4.8,2,,,,37.1,20.9,219.6,1009,19.8,3,,,,,2026-03-28T06:16:06,2026-03-28T18:36:56,0.33,Clear,,clear-day,
"Delhi, DL, India",2026-03-29,33.9,19.6,26.8,0,0,32.9,13.2,47.6,0.3,0,0,,,,40,20.5,220.7,1008.5,24.3,2.9,,,,,2026-03-29T06:14:57,2026-03-29T18:37:29,0.36,Partially cloudy,,partly-cloudy-day,
"Delhi, DL, India",2026-03-30,34.3,19.4,27.2,0,0,32.9,12.4,45.4,2.1,9.5,4,,,,44.3,22,234.4,1008,25.8,3.1,,,,,2026-03-30T06:13:48,2026-03-30T18:38:02,0.4,Partially cloudy,,partly-cloudy-day,
"Delhi, DL, India",2026-03-31,34.9,19.6,27.6,0,0,33.4,12.3,43.7,0.4,0,0,,,,37.8,19.8,223.6,1007.9,22.2,3,,,,,2026-03-31T06:12:38,2026-03-31T18:38:36,0.44,Partially cloudy,,partly-cloudy-day,
"Delhi, DL, India",2026-04-01,35.1,20.2,27.9,0,0,33.7,12.5,42.6,0.1,0,0,,,,33.5,22,216.4,1007.4,20.6,3.1,,,,,2026-04-01T06:11:29,2026-04-01T18:39:09,0.47,Partially cloudy,,partly-cloudy-day,
"Delhi, DL, India",2026-04-02,35.6,20.6,28.3,0,0,34.3,12,40.5,0.4,4.8,2,,,,34.6,19.4,193.7,1007.3,23.1,3.1,,,,,2026-04-02T06:10:21,2026-04-02T18:39:42,0.5,Partially cloudy,,partly-cloudy-day,
"Delhi, DL, India",2026-04-03,35,20.2,28.2,0,0,34.4,11.9,40.8,0.3,0,0,,,,27.7,19.8,217.9,1007.7,27.2,3.2,,,,,2026-04-03T06:09:12,2026-04-03T18:40:16,0.54,Partially cloudy,,partly-cloudy-day,
"Delhi, DL, India",2026-04-04,35.2,20.1,28.1,0,0,34.2,11,39.3,1.7,0,0,,,,37.1,23,227.3,1007.8,24.3,3.2,,,,,2026-04-04T06:08:04,2026-04-04T18:40:49,0.57,Partially cloudy,,partly-cloudy-day,
"Delhi, DL, India",2026-04-05,36,20.8,28.7,0,0,34.7,11.4,38.7,1.8,4.8,2,,,,46.4,20.9,219,1007.5,23.9,3.2,,,,,2026-04-05T06:06:56,2026-04-05T18:41:23,0.6,Partially cloudy,,partly-cloudy-day,
"Delhi, DL, India",2026-04-06,36.3,20.9,29,0,0,34.8,11,37.1,0.9,4.8,2,,,,37.1,20.9,211.8,1007.3,26.7,3.1,,,,,2026-04-06T06:05:48,2026-04-06T18:41:56,0.64,Partially cloudy,,partly-cloudy-day,
"Delhi, DL, India",2026-04-07,35.9,21.3,29,0,0,34.9,11.5,38.1,0.5,4.8,2,,,,38.9,23.8,211,1007.3,26.5,3,,,,,2026-04-07T06:04:41,2026-04-07T18:42:30,0.67,Partially cloudy,,partly-cloudy-day,
"Delhi, DL, India",2026-04-08,35.7,21.2,28.8,0,0,34.3,11,37.2,0,0,0,,,,29.5,21.2,219.1,1007.4,23.7,3,,,,,2026-04-08T06:03:34,2026-04-08T18:43:03,0.7,Partially cloudy,,partly-cloudy-day,
"Delhi, DL, India",2026-04-09,35.8,21,29.1,0,0,34.7,10.7,36.2,0.2,0,0,,,,38.2,20.9,240.1,1006.8,21.1,3.2,,,,,2026-04-09T06:02:28,2026-04-09T18:43:37,0.73,Partially cloudy,,partly-cloudy-day,
"Delhi, DL, India",2026-04-10,36.3,21.9,29.4,0,0,34.9,10.7,34.8,0.3,4.8,2,,,,47.9,22.3,231.8,1006.9,22.7,3,,,,,2026-04-10T06:01:22,2026-04-10T18:44:11,0.75,Partially cloudy,,partly-cloudy-day,
"Delhi, DL, India",2026-04-11,36.9,22,29.6,0,0,35.5,10.4,34.5,0.1,0,0,,,,46.4,20.9,233.8,1006.4,22.6,3.1,,,,,2026-04-11T06:00:16,2026-04-11T18:44:44,0.8,Partially cloudy,,partly-cloudy-day,
"Delhi, DL, India",2026-04-12,36.6,22.1,29.8,0,0,36.1,10.9,35.2,0.5,4.8,2,,,,39.2,22.3,237.1,1006,20.9,3,,,,,2026-04-12T05:59:11,2026-04-12T18:45:18,0.83,Partially cloudy,,partly-cloudy-day,
"Delhi, DL, India",2026-04-13,37,22.6,30.1,0,0,35.7,10.6,33.9,0.2,9.5,4,,,,37.1,23.8,215.7,1006,23.4,3,,,,,2026-04-13T05:58:06,2026-04-13T18:45:52,0.86,Partially cloudy,,partly-cloudy-day,
"Delhi, DL, India",2026-04-14,37.6,22.7,30.5,0,0,36.2,10.7,33.7,0.5,9.5,4,,,,,20.5,211,1006,27.4,3,,,,,2026-04-14T05:57:02,2026-04-14T18:46:26,0.9,Partially cloudy,,partly-cloudy-day,
"Delhi, DL, India",2026-04-15,38.1,23,31,0,0,36.9,11.5,35,0.3,0,0,,,,33.5,17.3,214.7,1005.7,25.7,2.9,,,,,2026-04-15T05:55:59,2026-04-15T18:47:01,0.93,Partially cloudy,,partly-cloudy-day,
"Delhi, DL, India",2026-04-16,37.8,23.4,30.9,0,0,37.2,12.1,35.7,1.3,4.8,2,,,,43.6,24.1,205.4,1005.5,34.1,3,,,,,2026-04-16T05:54:56,2026-04-16T18:47:35,0.96,Partially cloudy,,partly-cloudy-day,
"Delhi, DL, India",2026-04-17,37.1,23.3,30.3,0,0,36.1,11.9,37.4,4.1,0,0,,,,46.4,23,224.8,1005.2,29.9,3.1,,,,,2026-04-17T05:53:54,2026-04-17T18:48:09,0,Partially cloudy,,partly-cloudy-day,
"Delhi, DL, India",2026-04-18,36.9,23.1,30.5,0,0,35.9,11.7,36.4,0.6,4.8,2,,,,37.1,23,228.6,1005.4,22.4,3.1,,,,,2026-04-18T05:52:52,2026-04-18T18:48:44,0.03,Partially cloudy,,partly-cloudy-day,
"Delhi, DL, India",2026-04-19,38.3,23.3,31,0,0,37.2,11.4,34.4,0.5,4.8,2,,,,33.5,21.6,226.2,1005.1,25.7,2.9,,,,,2026-04-19T05:51:51,2026-04-19T18:49:19,0.06,Partially cloudy,,partly-cloudy-day,
"Delhi, DL, India",2026-04-20,38.7,23.4,31.7,0,0,37.7,11.1,31.8,0.3,0,0,,,,,20.5,213.7,1005,23.1,2.9,,,,,2026-04-20T05:50:51,2026-04-20T18:49:54,0.1,Partially cloudy,,partly-cloudy-day,
"Delhi, DL, India",2026-04-21,38.2,24.7,31.8,0,0,37.1,11.2,31.5,0,0,0,,,,33.5,23,247,1004.7,23.2,2.9,,,,,2026-04-21T05:49:51,2026-04-21T18:50:28,0.13,Partially cloudy,,partly-cloudy-day,
"Delhi, DL, India",2026-04-22,38.4,24,31.6,0,0,37.1,10.8,31.2,1.7,0,0,,,,37.8,23.8,230.9,1004.8,23.3,2.9,,,,,2026-04-22T05:48:52,2026-04-22T18:51:04,0.17,Partially cloudy,,partly-cloudy-day,
"Delhi, DL, India",2026-04-23,38.5,24.3,31.8,0,0,37,10.5,30.2,0.1,4.8,2,,,,,20.9,227.2,1004.7,19,3,,,,,2026-04-23T05:47:54,2026-04-23T18:51:39,0.2,Clear,,clear-day,
"Delhi, DL, India",2026-04-24,39,24.1,31.9,0,0,37.7,11.5,32.1,0.8,4.8,2,,,,40,20.2,223.5,1004.5,20.3,2.9,,,,,2026-04-24T05:46:57,2026-04-24T18:52:14,0.25,Partially cloudy,,partly-cloudy-day,
"Delhi, DL, India",2026-04-25,39.6,24,32.4,0,0,38.3,11.6,32,0.1,4.8,2,,,,40.7,21.6,217.1,1004.1,19.3,2.8,,,,,2026-04-25T05:46:00,2026-04-25T18:52:50,0.27,Clear,,clear-day,
"Delhi, DL, India",2026-04-26,38.8,24.6,32.1,0,0,37.9,12,32.9,0.2,4.8,2,,,,38.9,21.6,212.3,1004.4,23.5,2.9,,,,,2026-04-26T05:45:04,2026-04-26T18:53:25,0.31,Partially cloudy,,partly-cloudy-day,
"Delhi, DL, India",2026-04-27,39.5,24.6,32.3,0,0,38.8,12.1,32.7,0.3,0,0,,,,35.3,24.5,219.4,1004.1,22.5,2.9,,,,,2026-04-27T05:44:10,2026-04-27T18:54:01,0.34,Partially cloudy,,partly-cloudy-day,
"Delhi, DL, India",2026-04-28,39.6,25.1,32.8,0,0,38.8,12,31.2,0.1,0,0,,,,37.1,23.4,207.4,1003,26.7,2.9,,,,,2026-04-28T05:43:16,2026-04-28T18:54:37,0.38,Partially cloudy,,partly-cloudy-day,
"Delhi, DL, India",2026-04-29,40.2,25,33,0,0,39.3,12.2,31.6,0.1,9.5,4,,,,37.8,19.1,202.1,1002.8,21.9,2.9,,,,,2026-04-29T05:42:23,2026-04-29T18:55:13,0.41,Partially cloudy,,partly-cloudy-day,
"Delhi, DL, India",2026-04-30,40.3,25.3,33.1,0,0,40.3,12.7,33.2,2.3,9.5,4,,,,40,21.6,196.4,1003.2,24.6,2.9,,,,,2026-04-30T05:41:30,2026-04-30T18:55:49,0.45,Partially cloudy,,partly-cloudy-day,
"Delhi, DL, India",2026-05-01,39.9,24.6,32.6,0,0,39.8,12.6,33.2,0.1,4.8,2,,,,34.2,22.3,181.8,1003.2,23,3,,,,,2026-05-01T05:40:39,2026-05-01T18:56:25,0.5,Partially cloudy,,partly-cloudy-day,
"Delhi, DL, India",2026-05-02,39.3,25.4,32.6,0,0,39.1,12.9,34.4,1.2,0,0,,,,36.4,21.2,182.7,1003,31.6,2.8,,,,,2026-05-02T05:39:49,2026-05-02T18:57:01,0.52,Partially cloudy,,partly-cloudy-day,
"Delhi, DL, India",2026-05-03,39.1,25.4,32.4,0,0,39.2,13,34.7,0.5,9.5,4,,,,44.6,22,179.8,1002.8,31.4,2.8,,,,,2026-05-03T05:39:00,2026-05-03T18:57:37,0.55,Partially cloudy,,partly-cloudy-day,
"Delhi, DL, India",2026-05-04,39.4,25.5,32.7,0,0,39.6,13.2,34.6,0.6,9.5,4,,,,33.5,22,182.6,1003,26.9,3,,,,,2026-05-04T05:38:12,2026-05-04T18:58:13,0.58,Partially cloudy,,partly-cloudy-day,
"Delhi, DL, India",2026-05-05,39.4,25,32.9,0,0,39.7,13.6,35.1,1,4.8,2,,,,32.8,21.6,167.8,1003.4,30,3,,,,,2026-05-05T05:37:25,2026-05-05T18:58:50,0.62,Partially cloudy,,partly-cloudy-day,
"Delhi, DL, India",2026-05-06,39.8,25.9,32.9,0,0,39.8,14.2,36,0.6,0,0,,,,33.5,23,164.2,1002.9,26.9,3,,,,,2026-05-06T05:36:39,2026-05-06T18:59:26,0.65,Partially cloudy,,partly-cloudy-day,
"Delhi, DL, India",2026-05-07,39.6,25.8,33.1,0,0,40,14.3,36.1,0.2,4.8,2,,,,33.8,23.4,194.1,1002.6,26.6,2.9,,,,,2026-05-07T05:35:54,2026-05-07T19:00:03,0.68,Partially cloudy,,partly-cloudy-day,
"Delhi, DL, India",2026-05-08,40.2,25.9,33.5,0,0,40.7,14.3,35.4,0.3,4.8,2,,,,37.1,22,202.9,1002.4,24.7,3,,,,,2026-05-08T05:35:10,2026-05-08T19:00:39,0.72,Partially cloudy,,partly-cloudy-day,
"Delhi, DL, India",2026-05-09,40.1,26.9,33.8,0,0,40.4,14,33.4,0.4,0,0,,,,37.1,22.7,220.5,1001.9,22.8,3.1,,,,,2026-05-09T05:34:27,2026-05-09T19:01:16,0.75,Partially cloudy,,partly-cloudy-day,
"Delhi, DL, India",2026-05-10,40.9,27.6,34,0,0,41.1,14.1,33.1,0.9,4.8,2,,,,40.3,24.5,207.9,1001.7,26.4,3.1,,,,,2026-05-10T05:33:45,2026-05-10T19:01:52,0.75,Partially cloudy,,partly-cloudy-day,
"Delhi, DL, India",2026-05-11,40.3,26.6,33.6,0,0,40.7,14.4,34.4,1.5,4.8,2,,,,34.6,23,194.2,1001.6,30,3.4,,,,,2026-05-11T05:33:05,2026-05-11T19:02:29,0.82,Partially cloudy,,partly-cloudy-day,
"Delhi, DL, India",2026-05-12,39.8,26.9,33.3,0,0,41.4,16.1,38.6,1,4.8,2,,,,34.2,27,170.8,1001.7,31.8,3.5,,,,,2026-05-12T05:32:25,2026-05-12T19:03:05,0.85,Partially cloudy,,partly-cloudy-day,
"Delhi, DL, India",2026-05-13,39.2,26.2,32.6,0,0,41.2,16.8,42.7,2.4,9.5,4,,,,37.8,22,172.3,1001.9,33.4,3.1,,,,,2026-05-13T05:31:47,2026-05-13T19:03:41,0.88,Partially cloudy,,partly-cloudy-day,
"Delhi, DL, India",2026-05-14,39.6,26.5,33.3,0,0,40.4,16.4,39.8,0.8,0,0,,,,33.5,22,188,1001.6,28.2,3.3,,,,,2026-05-14T05:31:10,2026-05-14T19:04:18,0.92,Partially cloudy,,partly-cloudy-day,
"Delhi, DL, India",2026-05-15,40.5,26.7,33.9,0,0,41.2,15.8,37.8,1.4,4.8,2,,,,36.7,24.8,195.5,1001.4,25.6,3.2,,,,,2026-05-15T05:30:35,2026-05-15T19:04:54,0.95,Partially cloudy,,partly-cloudy-day,
"Delhi, DL, India",2026-05-16,40.7,27.1,34.3,0,0,42,15.8,36.8,1.1,4.8,2,,,,33.5,24.8,212.2,1001.1,23.1,3.7,,,,,2026-05-16T05:30:00,2026-05-16T19:05:30,0.98,Partially cloudy,,partly-cloudy-day,
"Delhi, DL, India",2026-05-17,40.7,27.2,34.2,0,0,41.2,15.5,37,3.2,14.3,6,,,,44.6,25.6,208.5,1001.1,30.8,3.2,,,,,2026-05-17T05:29:27,2026-05-17T19:06:06,0,Partially cloudy,,partly-cloudy-day,
"Delhi, DL, India",2026-05-18,41.2,28.3,34.9,0,0,42.1,15.4,35.2,1.8,4.8,2,,,,,22.3,205.8,1000.1,26,3.2,,,,,2026-05-18T05:28:55,2026-05-18T19:06:41,0.05,Partially cloudy,,partly-cloudy-day,
"Delhi, DL, India",2026-05-19,41.1,27.5,34.5,0,0,42.8,16,37.2,0.6,0,0,,,,45.7,27,206.9,999.8,27.3,3.2,,,,,2026-05-19T05:28:25,2026-05-19T19:07:17,0.08,Partially cloudy,,partly-cloudy-day,
"Delhi, DL, India",2026-05-20,40.7,27.7,34.1,0,0,41.8,15.7,38.3,1,9.5,4,,,,34.6,23,207.3,999.8,29.4,3.2,,,,,2026-05-20T05:27:55,2026-05-20T19:07:52,0.12,Partially cloudy,,partly-cloudy-day,
"Delhi, DL, India",2026-05-21,40.1,25.8,33.6,0,0,41.7,15.5,39.3,3.6,4.8,2,,,,35.3,24.1,201.8,999.7,30.2,3.1,,,,,2026-05-21T05:27:27,2026-05-21T19:08:27,0.15,Partially cloudy,,partly-cloudy-day,
"Delhi, DL, India",2026-05-22,39.9,27,33.4,0,0,41,16.1,41.2,3.1,4.8,2,,,,30.6,24.8,184.5,999.9,32,3.4,,,,,2026-05-22T05:27:01,2026-05-22T19:09:02,0.19,Partially cloudy,,partly-cloudy-day,
"Delhi, DL, India",2026-05-23,40.1,26.4,33.6,0,0,42,16.7,41.6,2.1,4.8,2,,,,54.7,24.5,178.8,1000,35.6,3.3,,,,,2026-05-23T05:26:35,2026-05-23T19:09:37,0.25,Partially cloudy,,partly-cloudy-day,
"Delhi, DL, India",2026-05-24,40.3,27.4,34.1,0,0,42,16.7,40.3,1.1,4.8,2,,,,33.5,22.7,202.9,999.8,28.9,3.3,,,,,2026-05-24T05:26:11,2026-05-24T19:10:11,0.26,Partially cloudy,,partly-cloudy-day,
"Delhi, DL, India",2026-05-25,41,27.2,34.6,0,0,42.7,16.1,37.5,2.8,14.3,6,,,,33.8,24.5,219.9,999,26.4,3.2,,,,,2026-05-25T05:25:48,2026-05-25T19:10:45,0.29,Partially cloudy,,partly-cloudy-day,
"Delhi, DL, India",2026-05-26,40.6,27.3,34.2,0,0,41.5,15.3,36.7,9,4.8,2,,,,40,27.4,205.5,999.7,25,3.3,,,,,2026-05-26T05:25:27,2026-05-26T19:11:18,0.32,Partially cloudy,,partly-cloudy-day,
"Delhi, DL, India",2026-05-27,40.6,27.3,34.3,0,0,41.8,15.4,36.7,0.8,0,0,,,,37.1,24.8,211.8,1000.3,25.7,3.4,,,,,2026-05-27T05:25:07,2026-05-27T19:11:51,0.36,Partially cloudy,,partly-cloudy-day,
"Delhi, DL, India",2026-05-28,40.2,26.6,34,0,0,41.3,15.4,37.5,4.4,4.8,2,,,,37.1,26.6,204.8,1000,25.1,3.2,,,,,2026-05-28T05:24:48,2026-05-28T19:12:24,0.39,Partially cloudy,,partly-cloudy-day,
"Delhi, DL, India",2026-05-29,40.3,26.8,33.8,0,0,42.1,15.7,39,4.5,4.8,2,,,,36,26.6,201.2,1000,30.4,3.4,,,,,2026-05-29T05:24:31,2026-05-29T19:12:56,0.43,Partially cloudy,,partly-cloudy-day,
"Delhi, DL, India",2026-05-30,40.1,27.5,33.8,0,0,42.4,16.5,40.2,2.5,0,0,,,,33.5,23.4,200.2,999.8,29.4,3.2,,,,,2026-05-30T05:24:15,2026-05-30T19:13:28,0.46,Partially cloudy,,partly-cloudy-day,
"Delhi, DL, India",2026-05-31,40.7,27.3,34.2,0,0,43.4,17.1,40.9,3.2,4.8,2,,,,41.4,24.1,197.1,999.7,30.4,3.4,,,,,2026-05-31T05:24:00,2026-05-31T19:13:59,0.5,Partially cloudy,,partly-cloudy-day,
"Delhi, DL, India",2026-06-01,39.9,27.4,33.8,0,0,42.9,17.7,42.5,2.2,9.5,4,,,,40.7,25.6,201.1,1000,35.8,3.5,,,,,2026-06-01T05:23:47,2026-06-01T19:14:30,0.53,Partially cloudy,,partly-cloudy-day,
"Delhi, DL, India",2026-06-02,40.2,27.8,34.1,0,0,43.2,18,42.2,4.6,9.5,4,,,,33.5,21.2,199.3,1000.2,30.8,3.1,,,,,2026-06-02T05:23:35,2026-06-02T19:15:00,0.56,Partially cloudy,,partly-cloudy-day,
"Delhi, DL, India",2026-06-03,40.2,28.5,34.2,0,0,42.9,18.3,42.5,0,0,0,,,,38.9,22.3,201.9,999.7,34.3,3.1,,,,,2026-06-03T05:23:25,2026-06-03T19:15:30,0.6,Partially cloudy,,partly-cloudy-day,
"Delhi, DL, India",2026-06-04,40.6,28.2,34.8,0,0,44.2,18.5,41.8,2.7,14.3,6,,,,37.1,22,203.8,999.4,32.9,3.2,,,,,2026-06-04T05:23:15,2026-06-04T19:15:58,0.63,Partially cloudy,,partly-cloudy-day,
"Delhi, DL, India",2026-06-05,40.7,28.7,34.7,0,0,44.8,18.9,42.2,7.9,4.8,2,,,,46.4,23,185.9,998.9,33.2,3.2,,,,,2026-06-05T05:23:08,2026-06-05T19:16:27,0.67,Partially cloudy,,partly-cloudy-day,
"Delhi, DL, India",2026-06-06,40.1,28.7,34.5,0,0,43.8,18.9,43.1,3.7,14.3,6,,,,41.8,23.4,187.7,998.6,36.1,3.4,,,,,2026-06-06T05:23:01,2026-06-06T19:16:54,0.7,Partially cloudy,,partly-cloudy-day,
"Delhi, DL, India",2026-06-07,39.1,27.1,33.6,0,0,42.7,19.2,46.3,1.3,4.8,2,,,,42.8,23,170.2,998.6,38.3,3.3,,,,,2026-06-07T05:22:56,2026-06-07T19:17:21,0.73,Partially cloudy,,partly-cloudy-day,
"Delhi, DL, India",2026-06-08,39.6,28.1,33.8,0,0,43.3,19.2,46.5,3.3,0,0,,,,34.6,22,187.7,998.1,32,3.3,,,,,2026-06-08T05:22:52,2026-06-08T19:17:47,0.75,Partially cloudy,,partly-cloudy-day,
"Delhi, DL, India",2026-06-09,40.2,28.7,34.4,0,0,43.7,18.8,44.8,0.4,4.8,2,,,,37.1,23,194,997.9,34.5,3.5,,,,,2026-06-09T05:22:50,2026-06-09T19:18:12,0.8,Partially cloudy,,partly-cloudy-day,
"Delhi, DL, India",2026-06-10,41,28.6,34.9,0,0,43.9,18.7,43,0.8,4.8,2,,,,38.9,23,201.4,997.5,31.9,3.1,,,,,2026-06-10T05:22:48,2026-06-10T19:18:36,0.84,Partially cloudy,,partly-cloudy-day,
"Delhi, DL, India",2026-06-11,40.8,29.4,34.9,0,0,44.8,19.2,43.2,0.9,0,0,,,,36,24.1,203.8,997.5,33.8,3.1,,,,,2026-06-11T05:22:48,2026-06-11T19:19:00,0.87,Partially cloudy,,partly-cloudy-day,
"Delhi, DL, India",2026-06-12,40,29,34.7,0,0,44.4,19.6,44.2,1.6,0,0,,,,38.9,23.8,193.5,997.5,34.3,3.2,,,,,2026-06-12T05:22:50,2026-06-12T19:19:22,0.9,Partially cloudy,,partly-cloudy-day,
"Delhi, DL, India",2026-06-13,39.7,28.9,34.2,0,0,45.2,20.1,46.8,0.6,14.3,6,,,,49.3,23.8,193.1,997.7,42.8,3.3,,,,,2026-06-13T05:22:52,2026-06-13T19:19:44,0.94,Partially cloudy,,partly-cloudy-day,
"Delhi, DL, India",2026-06-14,39.3,28.4,33.8,0,0,43.8,19.8,47.9,3.8,4.8,2,,,,41,24.1,198.4,997.8,44.3,3.3,,,,,2026-06-14T05:22:56,2026-06-14T19:20:05,0.97,Partially cloudy,,partly-cloudy-day,
"Delhi, DL, India",2026-06-15,39.3,28.9,33.8,0,0,44.1,20.3,49.2,4.4,9.5,4,,,,34.6,24.1,192.4,997.2,47.2,3.2,,,,,2026-06-15T05:23:01,2026-06-15T19:20:25,0,Partially cloudy,,partly-cloudy-day,
"Delhi, DL, India",2026-06-16,37.6,28,32.7,0,0,42.7,21.2,55.1,6.2,4.8,2,,,,38.2,23.8,173,997.3,48.1,3.3,,,,,2026-06-16T05:23:08,2026-06-16T19:20:43,0.04,Partially cloudy,,partly-cloudy-day,
"Delhi, DL, India",2026-06-17,37.2,27.8,32.5,0,0,42.3,21.2,55.4,3.8,9.5,4,,,,35.3,22.3,180.7,997.3,47.8,3.4,,,,,2026-06-17T05:23:15,2026-06-17T19:21:01,0.07,Partially cloudy,,partly-cloudy-day,
"Delhi, DL, India",2026-06-18,37.7,27.6,32.7,0,0,43.2,21.6,56,3.2,4.8,2,,,,40,22.7,187,997.7,45.1,3.5,,,,,2026-06-18T05:23:24,2026-06-18T19:21:18,0.11,Partially cloudy,,partly-cloudy-day,
"Delhi, DL, India",2026-06-19,38.7,27.5,33.1,0,0,44.8,21.7,55.1,6.3,9.5,4,,,,46.4,19.8,188.7,997.2,44.4,3.4,,,,,2026-06-19T05:23:34,2026-06-19T19:21:33,0.14,Partially cloudy,,partly-cloudy-day,
"Delhi, DL, India",2026-06-20,38.7,27.6,33.2,0,0,44.1,21.5,54.9,6.3,0,0,,,,39.6,20.5,182,997.1,43,3.4,,,,,2026-06-20T05:23:45,2026-06-20T19:21:48,0.17,Partially cloudy,,partly-cloudy-day,
"Delhi, DL, India",2026-06-21,38.7,28.8,33.9,0,0,44.9,22,53.8,4.5,4.8,2,,,,31.7,22.7,189.4,997,46.1,3.4,,,,,2026-06-21T05:23:57,2026-06-21T19:22:01,0.21,Partially cloudy,,partly-cloudy-day,
"Delhi, DL, India",2026-06-22,39.5,29.1,34.3,0,0,45.6,21.4,50.7,0.6,0,0,,,,33.5,23.8,197,997,36.8,3.2,,,,,2026-06-22T05:24:10,2026-06-22T19:22:13,0.25,Partially cloudy,,partly-cloudy-day,
"Delhi, DL, India",2026-06-23,38.8,29.3,33.9,0,0,45.2,22.2,53.6,1.7,4.8,2,,,,37.1,22.3,180.4,997.1,43.8,3.3,,,,,2026-06-23T05:24:24,2026-06-23T19:22:25,0.27,Partially cloudy,,partly-cloudy-day,
"Delhi, DL, India",2026-06-24,38.1,28.6,33.3,0,0,45.1,22.5,56.2,5.6,4.8,2,,,,33.5,19.4,174.1,997.1,47.9,3.3,,,,,2026-06-24T05:24:40,2026-06-24T19:22:34,0.31,Partially cloudy,,partly-cloudy-day,
"Delhi, DL, India",2026-06-25,37.3,28.7,32.9,0,0,44.9,22.9,58.3,4.8,9.5,4,,,,,20.5,170.6,997.4,51.3,3.2,,,,,2026-06-25T05:24:56,2026-06-25T19:22:43,0.34,Partially cloudy,,partly-cloudy-day,
"Delhi, DL, India",2026-06-26,37.5,28.9,33.2,0,0,45.2,23.2,58.9,4,0,0,,,,31.7,19.8,194.6,997.4,47.4,3.2,,,,,2026-06-26T05:25:13,2026-06-26T19:22:50,0.37,Partially cloudy,,partly-cloudy-day,
"Delhi, DL, India",2026-06-27,37.2,28.7,32.8,0,0,45.6,23.6,61.3,4.4,4.8,2,,,,35.3,20.2,184.3,997.6,55,3.2,,,,,2026-06-27T05:25:32,2026-06-27T19:22:57,0.41,Partially cloudy,,partly-cloudy-day,
"Delhi, DL, India",2026-06-28,36.6,27.6,32,0,0,44.8,23.6,64.4,8.2,4.8,2,,,,35.3,20.2,159.8,997.9,60.1,3.1,,,,,2026-06-28T05:25:51,2026-06-28T19:23:01,0.44,Partially cloudy,,partly-cloudy-day,
"Delhi, DL, India",2026-06-29,37.4,28,32.3,0,0,45.3,23.6,63.6,7.2,19,8,,,,33.5,20.2,159.2,997.8,62.2,3.1,,,,,2026-06-29T05:26:11,2026-06-29T19:23:05,0.48,Partially cloudy,,partly-cloudy-day,
"Delhi, DL, India",2026-06-30,37.1,28.5,32.5,0,0,45.1,23.6,62.8,6.5,0,0,,,,37.1,20.5,174.2,997.2,60.8,3.2,,,,,2026-06-30T05:26:32,2026-06-30T19:23:07,0.5,Partially cloudy,,partly-cloudy-day,
"Delhi, DL, India",2026-07-01,37.7,28.7,33,0,0,45.9,23.6,60.5,6.7,4.8,2,,,,27.7,22,173.9,997.1,54.5,3.4,,,,,2026-07-01T05:26:54,2026-07-01T19:23:08,0.54,Partially cloudy,,partly-cloudy-day,
"Delhi, DL, India",2026-07-02,37,28.5,32.7,0,0,45.3,23.8,61.6,5.7,9.5,4,,,,27.7,20.2,165.6,997.1,56.7,3.2,,,,,2026-07-02T05:27:16,2026-07-02T19:23:08,0.58,Partially cloudy,,partly-cloudy-day,
"Delhi, DL, India",2026-07-03,36.9,28.6,32.5,0,0,45.7,24.1,63.3,3.4,9.5,4,,,,51.8,20.5,160.5,997,57.3,3.3,,,,,2026-07-03T05:27:40,2026-07-03T19:23:06,0.61,Partially cloudy,,partly-cloudy-day,
"Delhi, DL, India",2026-07-04,36.8,28.1,32.3,0,0,45.7,24.4,65.3,5.3,9.5,4,,,,33.8,19.1,161.1,996.8,60.9,3.2,,,,,2026-07-04T05:28:04,2026-07-04T19:23:03,0.65,Partially cloudy,,partly-cloudy-day,
"Delhi, DL, India",2026-07-05,36.2,28.6,32.1,0,0,45.2,24.4,66.2,10.9,4.8,2,,,,35.3,23,158.5,997.2,64.5,3.3,,,,,2026-07-05T05:28:29,2026-07-05T19:22:59,0.68,Partially cloudy,,partly-cloudy-day,
"Delhi, DL, India",2026-07-06,35.9,27.7,31.6,0,0,44.4,24.4,68.2,6.6,19,8,,,,33.5,19.1,163.3,997.8,66.1,3.2,,,,,2026-07-06T05:28:55,2026-07-06T19:22:53,0.72,Partially cloudy,,partly-cloudy-day,
"Delhi, DL, India",2026-07-07,36.2,27.9,31.6,0,0,45.1,24.4,68.6,7.3,4.8,2,,,,37.1,20.5,166.8,997.6,61.4,3.4,,,,,2026-07-07T05:29:21,2026-07-07T19:22:46,0.75,Partially cloudy,,partly-cloudy-day,
"Delhi, DL, India",2026-07-08,36.2,28.4,32.1,0,0,45.3,24.4,66.3,2.1,9.5,4,,,,27.7,18.7,176,997.4,57.3,3.1,,,,,2026-07-08T05:29:48,2026-07-08T19:22:37,0.75,Partially cloudy,,partly-cloudy-day,
"Delhi, DL, India",2026-07-09,36.3,28.4,32,0,0,45.6,24.4,66.5,11.3,4.8,2,,,,35.3,23.4,161.3,997.1,61.5,3.3,,,,,2026-07-09T05:30:16,2026-07-09T19:22:27,0.82,Partially cloudy,,partly-cloudy-day,
"Delhi, DL, India",2026-07-10,35.9,28.5,32,0,0,44.1,24.3,66.5,4.6,9.5,4,,,,33.5,22,168.4,996.9,63.2,3.2,,,,,2026-07-10T05:30:44,2026-07-10T19:22:16,0.86,Partially cloudy,,partly-cloudy-day,
"Delhi, DL, India",2026-07-11,35.6,28.1,31.5,0,0,45,24.3,68.5,18,9.5,4,,,,37.1,20.2,161.5,997,64.9,3.2,,,,,2026-07-11T05:31:12,2026-07-11T19:22:03,0.89,Partially cloudy,,partly-cloudy-day,
"Delhi, DL, India",2026-07-12,34.8,27.6,30.9,0,0,44.1,24.6,72.2,13.5,19,8,,,,44.6,19.4,175.9,997.5,70.9,2.9,,,,,2026-07-12T05:31:42,2026-07-12T19:21:49,0.93,Partially cloudy,,partly-cloudy-day,
"Delhi, DL, India",2026-07-13,35.3,27.6,31.1,0,0,44.5,24.6,71,7.9,4.8,2,,,,33.5,19.8,174.3,997.8,67.6,3.2,,,,,2026-07-13T05:32:11,2026-07-13T19:21:33,0.96,Partially cloudy,,partly-cloudy-day,
"Delhi, DL, India",2026-07-14,35.4,27.3,31.1,0,0,44,24.6,70.8,10.3,9.5,4,,,,33.5,20.9,178.3,997.7,66.9,3.2,,,,,2026-07-14T05:32:42,2026-07-14T19:21:16,0,Partially cloudy,,partly-cloudy-day,
"Delhi, DL, India",2026-07-15,35.3,27.6,31.2,0,0,44.6,25,71.2,8.7,4.8,2,,,,44.6,23,160.7,997.4,63.3,3.2,,,,,2026-07-15T05:33:12,2026-07-15T19:20:58,0.03,Partially cloudy,,partly-cloudy-day,
"Delhi, DL, India",2026-07-16,35.5,27.7,31.2,0,0,44.7,24.7,70.5,13.5,9.5,4,,,,33.5,17.6,153.9,998,67.7,3.5,,,,,2026-07-16T05:33:43,2026-07-16T19:20:38,0.06,Partially cloudy,,partly-cloudy-day,
"Delhi, DL, India",2026-07-17,35,27.9,31,0,0,44.8,25.2,73,17.3,14.3,6,,,,33.5,17.6,148.2,998.2,67.6,3.2,,,,,2026-07-17T05:34:14,2026-07-17T19:20:17,0.09,Partially cloudy,,partly-cloudy-day,
"Delhi, DL, India",2026-07-18,34.7,27.2,30.8,0,0,44.5,25.2,74.1,15.8,9.5,4,,,,,19.4,162.9,998,69.7,3.1,,,,,2026-07-18T05:34:46,2026-07-18T19:19:54,0.13,Partially cloudy,,partly-cloudy-day,
"Delhi, DL, India",2026-07-19,35.7,28,31.5,0,0,45.3,24.9,69.6,0.9,4.8,2,,,,,18,188.7,997.1,63.6,3.5,,,,,2026-07-19T05:35:18,2026-07-19T19:19:30,0.16,Partially cloudy,,partly-cloudy-day,
"Delhi, DL, India",2026-07-20,34.7,27.7,31,0,0,44.5,24.9,71.8,16,4.8,2,,,,35.3,20.2,177.5,997.6,71.7,3.2,,,,,2026-07-20T05:35:50,2026-07-20T19:19:05,0.19,Partially cloudy,,partly-cloudy-day,
"Delhi, DL, India",2026-07-21,34.8,27.5,30.8,0,0,43.5,24.5,71.1,7.5,14.3,6,,,,40.7,20.5,170.2,998,71.4,3.3,,,,,2026-07-21T05:36:23,2026-07-21T19:18:38,0.25,Partially cloudy,,partly-cloudy-day,
"Delhi, DL, India",2026-07-22,34.8,27.6,30.9,0,0,44.2,25,72.5,4.2,4.8,2,,,,33.5,20.2,159.4,998.2,70.1,3.2,,,,,2026-07-22T05:36:55,2026-07-22T19:18:11,0.26,Partially cloudy,,partly-cloudy-day,
"Delhi, DL, India",2026-07-23,34.8,28,31.1,0,0,44.3,25.1,72,3.7,14.3,6,,,,,18.7,138.8,998.3,68.5,3.3,,,,,2026-07-23T05:37:28,2026-07-23T19:17:41,0.29,Partially cloudy,,partly-cloudy-day,
"Delhi, DL, India",2026-07-24,35.3,28,31.3,0,0,45.1,25.3,72,10.1,9.5,4,,,,29.5,17.6,137.9,998.1,68.1,3.4,,,,,2026-07-24T05:38:01,2026-07-24T19:17:11,0.32,Partially cloudy,,partly-cloudy-day,
"Delhi, DL, India",2026-07-25,34.6,28,30.8,0,0,44,25.3,74.1,15.9,9.5,4,,,,27.7,18,149.5,998.1,69.8,3.5,,,,,2026-07-25T05:38:35,2026-07-25T19:16:39,0.36,Partially cloudy,,partly-cloudy-day,
"Delhi, DL, India",2026-07-26,34.7,27.2,30.7,0,0,44.3,25.3,74.8,13.6,9.5,4,,,,40.7,19.4,161,998.3,67.1,3.4,,,,,2026-07-26T05:39:08,2026-07-26T19:16:05,0.39,Partially cloudy,,partly-cloudy-day,
"Delhi, DL, India",2026-07-27,33.9,27.2,30.1,0,0,42.9,25.3,77.5,20.9,14.3,6,,,,27.7,19.8,149.6,998.6,74.1,3.3,,,,,2026-07-27T05:39:42,2026-07-27T19:15:31,0.42,Partially cloudy,,partly-cloudy-day,
"Delhi, DL, India",2026-07-28,34,27.1,30.1,0,0,43.7,25.3,77,7.2,9.5,4,,,,40.7,19.1,140,998.6,73.6,3.3,,,,,2026-07-28T05:40:15,2026-07-28T19:14:55,0.46,Partially cloudy,,partly-cloudy-day,
"Delhi, DL, India",2026-07-29,34.3,27.3,30.3,0,0,44.3,25.4,76.3,6.8,4.8,2,,,,33.5,18,158.8,998.9,69.6,3.4,,,,,2026-07-29T05:40:49,2026-07-29T19:14:18,0.5,Partially cloudy,,partly-cloudy-day,
"Delhi, DL, India",2026-07-30,34.1,27.6,30.7,0,0,43.5,25.3,74.8,3.9,9.5,4,,,,,17.3,166.6,999,70.5,3.3,,,,,2026-07-30T05:41:22,2026-07-30T19:13:39,0.52,Partially cloudy,,partly-cloudy-day,
"Delhi, DL, India",2026-07-31,33.6,27.3,30.3,0,0,42.7,25.1,75.3,6.8,14.3,6,,,,,18,172.6,999,76.5,3,,,,,2026-07-31T05:41:56,2026-07-31T19:13:00,0.56,Partially cloudy,,partly-cloudy-day,
"Delhi, DL, India",2026-08-01,34.2,27.4,30.4,0,0,43.6,25,74.4,2.8,0,0,,,,,17.6,165.7,998.9,68.2,3,,,,,2026-08-01T05:42:30,2026-08-01T19:12:19,0.59,Partially cloudy,,partly-cloudy-day,
"Delhi, DL, India",2026-08-02,34.4,27.4,30.5,0,0,42.8,24.8,73.4,16.3,4.8,2,,,,37.1,19.4,171.9,998.6,66.8,3.1,,,,,2026-08-02T05:43:04,2026-08-02T19:11:37,0.63,Partially cloudy,,partly-cloudy-day,
"Delhi, DL, India",2026-08-03,34.3,27.6,30.5,0,0,43,24.8,73.3,3.7,4.8,2,,,,33.5,18.7,175.9,998.7,68.4,3.1,,,,,2026-08-03T05:43:37,2026-08-03T19:10:54,0.67,Partially cloudy,,partly-cloudy-day,
"Delhi, DL, India",2026-08-04,34.7,27.4,30.6,0,0,44.3,25,73.6,7,14.3,6,,,,27.7,16.2,151.2,998.8,67.8,3.1,,,,,2026-08-04T05:44:11,2026-08-04T19:10:09,0.7,Partially cloudy,,partly-cloudy-day,
"Delhi, DL, India",2026-08-05,34.5,27.5,30.6,0,0,44,25.3,74.8,4.5,9.5,4,,,,27.7,15.5,158.4,998.9,68.2,3,,,,,2026-08-05T05:44:45,2026-08-05T19:09:24,0.74,Partially cloudy,,partly-cloudy-day,
"Delhi, DL, India",2026-08-06,33.7,27.2,30.2,0,0,43,25.2,76.2,11.1,9.5,4,,,,,17.3,148.2,998.9,74,2.9,,,,,2026-08-06T05:45:18,2026-08-06T19:08:37,0.75,Partially cloudy,,partly-cloudy-day,
"Delhi, DL, India",2026-08-07,34.5,27.3,30.9,0,0,43.6,25.2,73.8,7.2,0,0,,,,,17.3,149.9,998.7,66,3,,,,,2026-08-07T05:45:52,2026-08-07T19:07:49,0.81,Partially cloudy,,partly-cloudy-day,
"Delhi, DL, India",2026-08-08,34.6,27.7,30.8,0,0,44.3,25.2,74,5.3,4.8,2,,,,,18,146.4,998.9,69.2,3.1,,,,,2026-08-08T05:46:25,2026-08-08T19:07:01,0.84,Partially cloudy,,partly-cloudy-day,
"Delhi, DL, India",2026-08-09,34,27.7,30.5,0,0,43.1,25.1,74.4,5.8,4.8,2,,,,37.1,18,146.6,998.9,64.5,3.1,,,,,2026-08-09T05:46:58,2026-08-09T19:06:11,0.88,Partially cloudy,,partly-cloudy-day,
"Delhi, DL, India",2026-08-10,34.3,27.2,30.5,0,0,43.9,25.3,75.3,11,4.8,2,,,,37.1,17.6,155.3,999.1,67.7,3,,,,,2026-08-10T05:47:31,2026-08-10T19:05:20,0.91,Partially cloudy,,partly-cloudy-day,
"Delhi, DL, India",2026-08-11,34.3,27,30.3,0,0,43.9,25.3,76.1,14.7,4.8,2,,,,37.1,19.4,168.7,999.3,71,3,,,,,2026-08-11T05:48:04,2026-08-11T19:04:28,0.95,Partially cloudy,,partly-cloudy-day,
"Delhi, DL, India",2026-08-12,33.9,27.4,30.4,0,0,43.4,25.2,75.5,6.7,9.5,4,,,,33.5,16.9,168.9,999.1,70.7,3.2,,,,,2026-08-12T05:48:37,2026-08-12T19:03:35,0,Partially cloudy,,partly-cloudy-day,
"Delhi, DL, India",2026-08-13,34.4,27.2,30.4,0,0,43.1,25,74.8,18.5,14.3,6,,,,37.1,17.6,172.1,999.2,68.9,3.1,,,,,2026-08-13T05:49:10,2026-08-13T19:02:41,0.02,Partially cloudy,,partly-cloudy-day,
"Delhi, DL, India",2026-08-14,33.7,26.9,29.9,0,0,42.3,24.9,76.4,11.6,14.3,6,,,,,19.8,165.1,999.7,76.3,2.9,,,,,2026-08-14T05:49:43,2026-08-14T19:01:46,0.05,Partially cloudy,,partly-cloudy-day,
"Delhi, DL, India",2026-08-15,33.6,26.9,30,0,0,42,24.8,75.8,6.5,4.8,2,,,,33.5,21.6,164.7,999.9,71.4,3.1,,,,,2026-08-15T05:50:15,2026-08-15T19:00:50,0.08,Partially cloudy,,partly-cloudy-day,
"Delhi, DL, India",2026-08-16,33.4,26.7,29.8,0,0,42,24.8,77.1,6.3,14.3,6,,,,35.3,17.3,174.9,1000,69,3,,,,,2026-08-16T05:50:48,2026-08-16T18:59:54,0.11,Partially cloudy,,partly-cloudy-day,
"Delhi, DL, India",2026-08-17,34,27,30.3,0,0,43.2,25,75.2,5.4,0,0,,,,33.5,19.4,205.7,999.6,63.8,3.1,,,,,2026-08-17T05:51:20,2026-08-17T18:58:56,0.15,Partially cloudy,,partly-cloudy-day,
"Delhi, DL, India",2026-08-18,34.6,27.1,30.5,0,0,43.8,24.8,73.5,7.4,4.8,2,,,,33.5,18,208.8,1000.4,64.2,3.2,,,,,2026-08-18T05:51:52,2026-08-18T18:57:58,0.18,Partially cloudy,,partly-cloudy-day,
"Delhi, DL, India",2026-08-19,33.6,27.1,30.1,0,0,42.1,24.7,74.9,10.8,4.8,2,,,,33.5,17.6,194.6,1001.2,66.8,3,,,,,2026-08-19T05:52:24,2026-08-19T18:56:59,0.21,Partially cloudy,,partly-cloudy-day,
"Delhi, DL, India",2026-08-20,34.7,27,30.4,0,0,43.5,24.7,73.5,9.3,4.8,2,,,,33.5,17.6,188.2,1001.3,59.9,3.1,,,,,2026-08-20T05:52:56,2026-08-20T18:55:59,0.25,Partially cloudy,,partly-cloudy-day,
"Delhi, DL, India",2026-08-21,34.2,26.6,30.3,0,0,42.8,24.5,73.5,17.1,9.5,4,,,,,20.2,180.6,1001.1,61.5,3.2,,,,,2026-08-21T05:53:27,2026-08-21T18:54:58,0.28,Partially cloudy,,partly-cloudy-day,
"Delhi, DL, India",2026-08-22,34.4,27.1,30.3,0,0,42.8,24.5,73.5,6.7,4.8,2,,,,29.5,18,190.5,1001.4,61.7,3.1,,,,,2026-08-22T05:53:59,2026-08-22T18:53:56,0.31,Partially cloudy,,partly-cloudy-day,
"Delhi, DL, India",2026-08-23,34.4,27,30.3,0,0,42.8,24.8,75.1,7.9,9.5,4,,,,31.7,17.6,186.1,1001.9,60.3,3.1,,,,,2026-08-23T05:54:30,2026-08-23T18:52:54,0.34,Partially cloudy,,partly-cloudy-day,
"Delhi, DL, India",2026-08-24,34.5,27,30.5,0,0,42.9,24.7,73.6,16.8,0,0,,,,,20.2,187,1001.8,56.6,3.1,,,,,2026-08-24T05:55:01,2026-08-24T18:51:51,0.37,Partially cloudy,,partly-cloudy-day,
"Delhi, DL, India",2026-08-25,34.1,26.9,30.3,0,0,42.3,24.7,74.7,7,4.8,2,,,,32.8,18.4,203.3,1001.9,59.7,3,,,,,2026-08-25T05:55:32,2026-08-25T18:50:47,0.41,Partially cloudy,,partly-cloudy-day,
"Delhi, DL, India",2026-08-26,35,27,30.7,0,0,43.2,24.7,72.6,5.6,4.8,2,,,,33.5,17.6,188.7,1001.5,54.4,3.1,,,,,2026-08-26T05:56:03,2026-08-26T18:49:43,0.44,Partially cloudy,,partly-cloudy-day,
"Delhi, DL, India",2026-08-27,35.2,27.1,30.8,0,0,44.3,24.7,72,3.9,4.8,2,,,,,18.4,179.1,1001.2,57.6,3.1,,,,,2026-08-27T05:56:33,2026-08-27T18:48:38,0.47,Partially cloudy,,partly-cloudy-day,
"Delhi, DL, India",2026-08-28,34.9,27.2,30.7,0,0,43.4,24.7,72.4,6.4,0,0,,,,37.1,17.6,191.2,1001.8,56.9,3.3,,,,,2026-08-28T05:57:04,2026-08-28T18:47:32,0.5,Partially cloudy,,partly-cloudy-day,
"Delhi, DL, India",2026-08-29,34.8,27,30.6,0,0,43.2,24.5,72.1,8.5,9.5,4,,,,33.5,17.6,178.5,1002,55,3.3,,,,,2026-08-29T05:57:34,2026-08-29T18:46:26,0.54,Partially cloudy,,partly-cloudy-day,
"Delhi, DL, India",2026-08-30,34.7,26.6,30.5,0,0,43.3,24.7,73.1,8.2,19,8,,,,33.5,17.3,174.6,1001.7,56.7,3.2,,,,,2026-08-30T05:58:05,2026-08-30T18:45:20,0.57,Partially cloudy,,partly-cloudy-day,
"Delhi, DL, India",2026-08-31,34.4,27,30.4,0,0,42.5,24.6,73,8.3,0,0,,,,30.6,18.4,181.5,1001.5,56.1,3.1,,,,,2026-08-31T05:58:35,2026-08-31T18:44:12,0.61,Partially cloudy,,partly-cloudy-day,
"Delhi, DL, India",2026-09-01,34.2,26.9,30.3,0,0,41.9,24.3,72.4,9.2,0,0,,,,33.5,19.8,187.1,1001.7,55.2,3.2,,,,,2026-09-01T05:59:05,2026-09-01T18:43:05,0.65,Partially cloudy,,partly-cloudy-day,
"Delhi, DL, India",2026-09-02,34.5,26.5,30.1,0,0,42.2,24.2,72.6,12.2,9.5,4,,,,,20.9,190.1,1002,51.3,3.2,,,,,2026-09-02T05:59:35,2026-09-02T18:41:57,0.68,Partially cloudy,,partly-cloudy-day,
"Delhi, DL, India",2026-09-03,34.5,26.1,29.9,0,0,41.6,24,73,12.3,9.5,4,,,,,19.4,181.5,1002.3,52.6,3.1,,,,,2026-09-03T06:00:04,2026-09-03T18:40:48,0.72,Partially cloudy,,partly-cloudy-day,
"Delhi, DL, India",2026-09-04,33.9,26,29.9,0,0,41.4,24.2,73.9,3.7,0,0,,,,,17.3,174.5,1002.4,52.5,3,,,,,2026-09-04T06:00:34,2026-09-04T18:39:39,0.75,Partially cloudy,,partly-cloudy-day,
"Delhi, DL, India",2026-09-05,34.2,25.9,29.9,0,0,41.2,23.9,72.6,6.5,23.8,10,,,,36.4,19.8,184.8,1002.2,53.1,3.2,,,,,2026-09-05T06:01:04,2026-09-05T18:38:29,0.79,Partially cloudy,,partly-cloudy-day,
"Delhi, DL, India",2026-09-06,33.4,25.7,29.2,0,0,40.2,23.6,73.9,4.3,4.8,2,,,,34.6,19.4,168.9,1002.5,53.8,3.1,,,,,2026-09-06T06:01:33,2026-09-06T18:37:20,0.83,Partially cloudy,,partly-cloudy-day,
"Delhi, DL, India",2026-09-07,33.6,25.6,29.3,0,0,40.6,23.6,73.9,9.2,9.5,4,,,,33.5,15.8,189.8,1003,56.1,3.2,,,,,2026-09-07T06:02:03,2026-09-07T18:36:09,0.86,Partially cloudy,,partly-cloudy-day,
"Delhi, DL, India",2026-09-08,34.5,26,29.9,0,0,40.6,23.8,72.2,3.5,9.5,4,,,,37.1,17.3,192.1,1003.5,53.1,3.2,,,,,2026-09-08T06:02:32,2026-09-08T18:34:59,0.9,Partially cloudy,,partly-cloudy-day,
"Delhi, DL, India",2026-09-09,34.3,26.2,30,0,0,40.5,23.6,70.8,7.6,4.8,2,,,,37.1,17.3,186.8,1003.5,51.2,3.2,,,,,2026-09-09T06:03:01,2026-09-09T18:33:48,0.93,Partially cloudy,,partly-cloudy-day,
"Delhi, DL, India",2026-09-10,34.1,26.2,29.8,0,0,40.6,23.6,71.4,5.5,0,0,,,,33.5,18,180.1,1003.3,50.4,3.1,,,,,2026-09-10T06:03:31,2026-09-10T18:32:37,0.97,Partially cloudy,,partly-cloudy-day,
"Delhi, DL, India",2026-09-11,33.9,26.2,29.7,0,0,40.7,23.7,72.3,3.3,4.8,2,,,,33.5,17.6,181.4,1003.3,56.1,3.2,,,,,2026-09-11T06:04:00,2026-09-11T18:31:26,0,Partially cloudy,,partly-cloudy-day,
"Delhi, DL, India",2026-09-12,33.8,25.9,29.5,0,0,42.1,23.8,73.5,11.9,9.5,4,,,,,15.5,181.5,1003.8,56,3.1,,,,,2026-09-12T06:04:29,2026-09-12T18:30:14,0.04,Partially cloudy,,partly-cloudy-day,
"Delhi, DL, India",2026-09-13,34.7,25.8,29.9,0,0,42.5,23.9,72.4,8.7,0,0,,,,,14.8,186.3,1004.3,49.8,3.2,,,,,2026-09-13T06:04:59,2026-09-13T18:29:03,0.07,Partially cloudy,,partly-cloudy-day,
"Delhi, DL, India",2026-09-14,34.2,25.9,29.8,0,0,41.5,23.9,72.7,3.4,4.8,2,,,,,16.9,189,1004.4,53.8,3.2,,,,,2026-09-14T06:05:28,2026-09-14T18:27:51,0.1,Partially cloudy,,partly-cloudy-day,
"Delhi, DL, India",2026-09-15,33.9,25.7,29.5,0,0,40.7,23.7,73,6,0,0,,,,,17.3,169.9,1003.8,53.5,3.1,,,,,2026-09-15T06:05:57,2026-09-15T18:26:39,0.13,Partially cloudy,,partly-cloudy-day,
"Delhi, DL, India",2026-09-16,33.9,25.8,29.6,0,0,39.6,23.5,71.8,3.8,0,0,,,,,15.8,194,1003.6,46.5,3,,,,,2026-09-16T06:06:27,2026-09-16T18:25:27,0.16,Partially cloudy,,partly-cloudy-day,
"Delhi, DL, India",2026-09-17,34.4,25.8,29.7,0,0,40,23.1,70.2,3.8,4.8,2,,,,,18.7,212.7,1003.8,41.4,3.2,,,,,2026-09-17T06:06:56,2026-09-17T18:24:15,0.2,Partially cloudy,,partly-cloudy-day,
"Delhi, DL, India",2026-09-18,34.5,25.6,29.9,0,0,40.1,22.9,68.7,0.8,4.8,2,,,,,16.2,194.3,1004.5,37.8,3.3,,,,,2026-09-18T06:07:25,2026-09-18T18:23:02,0.23,Partially cloudy,,partly-cloudy-day,
"Delhi, DL, India",2026-09-19,34.6,25.3,29.7,0,0,40.9,23.1,70.1,4.7,4.8,2,,,,,16.2,181.1,1004.8,40.4,3.1,,,,,2026-09-19T06:07:55,2026-09-19T18:21:50,0.25,Partially cloudy,,partly-cloudy-day,
"Delhi, DL, India",2026-09-20,34.8,25.6,30,0,0,41.9,23.3,70,1.3,4.8,2,,,,33.5,15.5,168,1004.7,35.3,3.1,,,,,2026-09-20T06:08:24,2026-09-20T18:20:38,0.29,Partially cloudy,,partly-cloudy-day,
"Delhi, DL, India",2026-09-21,34.3,25.2,29.6,0,0,40.9,23.4,71.6,5.3,9.5,4,,,,33.5,16.6,158,1005.1,41.1,3.2,,,,,2026-09-21T06:08:54,2026-09-21T18:19:26,0.33,Partially cloudy,,partly-cloudy-day,
"Delhi, DL, India",2026-09-22,33.7,25.2,29.1,0,0,38.9,23.1,72.2,10.1,4.8,2,,,,33.5,18,154.7,1005.5,43.7,3.2,,,,,2026-09-22T06:09:24,2026-09-22T18:18:13,0.36,Partially cloudy,,partly-cloudy-day,
"Delhi, DL, India",2026-09-23,33.4,24.8,28.7,0,0,38.1,22.3,70.8,2.8,0,0,,,,27.7,18,177.1,1005.6,43,3.3,,,,,2026-09-23T06:09:54,2026-09-23T18:17:01,0.39,Partially cloudy,,partly-cloudy-day,
"Delhi, DL, India",2026-09-24,33.8,24.3,28.8,0,0,38.1,21.7,68.4,2.1,4.8,2,,,,32.4,18,205.6,1005.5,34.9,3.2,,,,,2026-09-24T06:10:24,2026-09-24T18:15:49,0.42,Partially cloudy,,partly-cloudy-day,
"Delhi, DL, India",2026-09-25,33.9,24.1,28.8,0,0,37.6,21.4,67.1,4.6,0,0,,,,29.5,16.2,220,1006.1,29.7,3.2,,,,,2026-09-25T06:10:54,2026-09-25T18:14:37,0.45,Partially cloudy,,partly-cloudy-day,
"Delhi, DL, India",2026-09-26,34,24.1,29.1,0,0,37.4,21.2,65.2,0.1,4.8,2,,,,,18.7,208.3,1006.9,26.6,3.3,,,,,2026-09-26T06:11:24,2026-09-26T18:13:26,0.5,Partially cloudy,,partly-cloudy-day,
"Delhi, DL, India",2026-09-27,34.5,24.2,29.1,0,0,38,21.2,65,0.1,0,0,,,,27.7,18,224.8,1006.9,20,3.3,,,,,2026-09-27T06:11:55,2026-09-27T18:12:14,0.52,Clear,,clear-day,
"Delhi, DL, India",2026-09-28,35,24.3,29.4,0,0,37.9,21,63.5,0.3,0,0,,,0,,16.6,214.2,1006.8,17.9,3.3,,,,,2026-09-28T06:12:25,2026-09-28T18:11:03,0.56,Clear,,clear-day,
"Delhi, DL, India",2026-09-29,34.5,23.9,29.3,0,0,37.6,21,63.8,1.8,0,0,,,0,,16.2,220.1,1007.2,17.9,3.2,,,,,2026-09-29T06:12:56,2026-09-29T18:09:52,0.59,Clear,,clear-day,
"Delhi, DL, India",2026-09-30,34.7,23.9,29.2,0,0,37.3,20.6,63.1,1.8,9.5,4,,,1,,17.6,206.1,1007.7,21.2,3.2,,,,,2026-09-30T06:13:27,2026-09-30T18:08:41,0.63,Partially cloudy,,partly-cloudy-day,
"Delhi, DL, India",2026-10-01,35,23.6,29.1,0,0,37.6,20.4,62.7,2.4,0,0,,,2.5,,15.8,188.3,1007.8,21,3.2,,,,,2026-10-01T06:13:58,2026-10-01T18:07:31,0.66,Partially cloudy,,partly-cloudy-day,
"Delhi, DL, India",2026-10-02,34.9,23.5,29.2,0,0,37.7,20.2,61.4,3.1,4.8,2,,,0,33.5,17.3,190.9,1007.9,21.5,3.2,,,,,2026-10-02T06:14:30,2026-10-02T18:06:20,0.7,Partially cloudy,,partly-cloudy-day,
"Delhi, DL, India",2026-10-03,34.8,23.3,29,0,0,37.1,20,62.1,5,4.8,2,,,2.5,,16.2,188.2,1007.5,23.7,3.2,,,,,2026-10-03T06:15:02,2026-10-03T18:05:11,0.75,Partially cloudy,,partly-cloudy-day,
"Delhi, DL, India",2026-10-04,34.5,23.4,28.7,0,0,37.2,20,63.3,0.4,4.8,2,,,0,,16.6,176.8,1007.5,25.9,3,,,,,2026-10-04T06:15:34,2026-10-04T18:04:01,0.77,Partially cloudy,,partly-cloudy-day,
"Delhi, DL, India",2026-10-05,34.6,23,28.7,0,0,37,19.8,62.7,0.3,4.8,2,,,3.5,,15.8,187.4,1007.6,21.3,2.9,,,,,2026-10-05T06:16:06,2026-10-05T18:02:52,0.81,Partially cloudy,,partly-cloudy-day,
"Delhi, DL, India",2026-10-06,34.6,23.1,28.7,0,0,37.1,19.7,61.9,0.2,0,0,,,1.7,,15.1,190.4,1008,16,2.9,,,,,2026-10-06T06:16:39,2026-10-06T18:01:44,0.84,Clear,,clear-day,
"Delhi, DL, India",2026-10-07,34.6,22.8,28.7,0,0,37.3,19.6,61.1,0,0,0,,,,33.5,16.9,209.8,1008,14.8,2.8,,,,,2026-10-07T06:17:12,2026-10-07T18:00:35,0.88,Clear,,clear-day,
"Delhi, DL, India",2026-10-08,34.8,22.7,28.7,0,0,36.8,18.8,58.5,0,0,0,,,0,,17.3,215.2,1007.8,7.4,2.9,,,,,2026-10-08T06:17:45,2026-10-08T17:59:28,0.91,Clear,,clear-day,
"Delhi, DL, India",2026-10-09,35.2,22.3,28.4,0,0,36.5,18.2,57.6,0,0,0,,,3.7,,16.6,204.4,1007.9,8.9,2.9,,,,,2026-10-09T06:18:18,2026-10-09T17:58:21,0.95,Clear,,clear-day,
"Delhi, DL, India",2026-10-10,34.7,22.2,28.1,0,0,36,17.8,57,0.5,0,0,,,4,33.5,16.6,207.4,1008.5,12.1,2.9,,,,,2026-10-10T06:18:52,2026-10-10T17:57:14,0,Clear,,clear-day,
"Delhi, DL, India",2026-10-11,33.7,21.6,27.5,0,0,34.6,17.3,57.7,3.2,0,0,,,3,,18,214.5,1009.4,14,2.8,,,,,2026-10-11T06:19:26,2026-10-11T17:56:08,0.02,Clear,,clear-day,
"Delhi, DL, India",2026-10-12,33.8,21.1,27.3,0,0,34.6,17.4,58.3,0.1,4.8,2,,,,,16.2,205,1009.8,14.1,2.9,,,,,2026-10-12T06:20:01,2026-10-12T17:55:03,0.05,Clear,,clear-day,
"Delhi, DL, India",2026-10-13,33.7,20.8,27.2,0,0,34.5,17,57.3,0.1,0,0,,,2,,17.3,203.2,1010.1,10,2.9,,,,,2026-10-13T06:20:36,2026-10-13T17:53:58,0.08,Clear,,clear-day,
"Delhi, DL, India",2026-10-14,33.6,21,27.1,0,0,34.1,16.7,56.5,0.1,0,0,,,0.5,,17.3,223.1,1010.3,13.8,2.9,,,,,2026-10-14T06:21:11,2026-10-14T17:52:54,0.12,Clear,,clear-day,
"Delhi, DL, India",2026-10-15,33.4,20.4,26.8,0,0,33.5,16.2,55.9,0,0,0,,,2,,15.1,213.5,1011.1,11.7,2.6,,,,,2026-10-15T06:21:47,2026-10-15T17:51:51,0.15,Clear,,clear-day,
"Delhi, DL, India",2026-10-16,33,20.1,26.4,0,0,33.1,16.4,57.5,0,0,0,,,1.5,,14,185.3,1011.4,13.1,2.6,,,,,2026-10-16T06:22:23,2026-10-16T17:50:48,0.18,Clear,,clear-day,
"Delhi, DL, India",2026-10-17,33.1,20.1,26.5,0,0,33.4,16.6,57.8,0,0,0,,,3.1,,13,185.4,1011,7.5,2.5,,,,,2026-10-17T06:23:00,2026-10-17T17:49:47,0.21,Clear,,clear-day,
"Delhi, DL, India",2026-10-18,33.2,19.9,26.5,0,0,33.8,16.6,58,0,0,0,,,2.3,55.4,14.8,187.2,1010.6,7,2.4,,,,,2026-10-18T06:23:36,2026-10-18T17:48:46,0.25,Clear,,clear-day,
"Delhi, DL, India",2026-10-19,33.2,19.5,26.2,0,0,33,16,57.7,0.1,0,0,,,0,,13.3,200.1,1010.7,8.6,2.3,,,,,2026-10-19T06:24:14,2026-10-19T17:47:45,0.28,Clear,,clear-day,
"Delhi, DL, India",2026-10-20,33.2,19.4,26,0,0,33.1,16,58.2,0.1,0,0,,,6,,13.3,175.5,1010.9,7.8,2.3,,,,,2026-10-20T06:24:52,2026-10-20T17:46:46,0.31,Clear,,clear-day,
"Delhi, DL, India",2026-10-21,32.7,19.4,25.8,0,0,32.9,16.3,59.3,0,0,0,,,6,,13,192.1,1011,7.2,2,,,,,2026-10-21T06:25:30,2026-10-21T17:45:48,0.34,Clear,,clear-day,
"Delhi, DL, India",2026-10-22,32.7,19,25.4,0,0,32.9,15.5,58.2,0.3,0,0,,,1,,14.4,194.1,1011.2,5.5,2.1,,,,,2026-10-22T06:26:08,2026-10-22T17:44:50,0.37,Clear,,clear-day,
"Delhi, DL, India",2026-10-23,32.4,18.5,25.2,0,0,31.9,15.2,57.8,0.3,0,0,,,,,13,205.4,1011.5,4.7,2.2,,,,,2026-10-23T06:26:47,2026-10-23T17:43:54,0.41,Clear,,clear-day,
"Delhi, DL, India",2026-10-24,32,18.4,24.9,0,0,31.7,14.8,57.1,0,0,0,,,2.5,,16.2,189.3,1011.7,8,2.1,,,,,2026-10-24T06:27:27,2026-10-24T17:42:58,0.44,Clear,,clear-day,
"Delhi, DL, India",2026-10-25,31.8,18.1,24.8,0,0,31.4,14.6,56.9,0,0,0,,,0,,12.6,198.2,1012,3.9,2.1,,,,,2026-10-25T06:28:07,2026-10-25T17:42:03,0.47,Clear,,clear-day,
"Delhi, DL, India",2026-10-26,31.5,18.2,24.4,0,0,31.1,15,59.3,0,0,0,,,4.5,33.5,11.2,190.6,1012.8,7.2,2,,,,,2026-10-26T06:28:47,2026-10-26T17:41:10,0.5,Clear,,clear-day,
"Delhi, DL, India",2026-10-27,31.7,17.9,24.3,0,0,30.9,14.5,58.6,0,0,0,,,3.5,,13.3,211.9,1012.7,4.9,1.9,,,,,2026-10-27T06:29:28,2026-10-27T17:40:17,0.54,Clear,,clear-day,
"Delhi, DL, India",2026-10-28,31.2,17.5,24,0,0,30.8,14.4,58.3,0.3,4.8,2,,,4.3,40.7,13.7,218.4,1012.7,6.9,1.8,,,,,2026-10-28T06:30:09,2026-10-28T17:39:26,0.57,Clear,,clear-day,
"Delhi, DL, India",2026-10-29,31.3,17.3,24,0,0,30.8,14.7,60,0,0,0,,,,,12.2,200.7,1013,9.7,1.8,,,,,2026-10-29T06:30:51,2026-10-29T17:38:35,0.61,Clear,,clear-day,
"Delhi, DL, India",2026-10-30,31.5,17.6,24.2,0,0,30.9,14.6,59.4,0,0,0,,,,,13,200.3,1013,7.8,1.8,,,,,2026-10-30T06:31:33,2026-10-30T17:37:46,0.65,Clear,,clear-day,
"Delhi, DL, India",2026-10-31,31.2,17.4,23.8,0,0,30.6,14.5,59.9,0,0,0,,,,,11.5,191,1013,5.6,1.6,,,,,2026-10-31T06:32:15,2026-10-31T17:36:58,0.68,Clear,,clear-day,
"Delhi, DL, India",2026-11-01,31.1,17.3,23.7,0,0,30.7,14.7,60.7,0,0,0,,,,,12.6,175.9,1013.1,7.3,1.7,,,,,2026-11-01T06:32:58,2026-11-01T17:36:11,0.72,Clear,,clear-day,
"Delhi, DL, India",2026-11-02,30.7,17.2,23.5,0,0,30.5,14.4,61.1,0,0,0,,,,,13.7,209.5,1013.6,7,1.7,,,,,2026-11-02T06:33:41,2026-11-02T17:35:25,0.75,Clear,,clear-day,
"Delhi, DL, India",2026-11-03,30.6,17.1,23.7,0,0,30,14,58.6,0,0,0,,,,,15.5,206.3,1013.7,15,1.8,,,,,2026-11-03T06:34:25,2026-11-03T17:34:41,0.79,Clear,,clear-day,
"Delhi, DL, India",2026-11-04,30.5,16.7,23.2,0,0,30,13.9,59.7,0,0,0,,,,,13,224.3,1013.7,9.6,1.8,,,,,2026-11-04T06:35:09,2026-11-04T17:33:58,0.82,Clear,,clear-day,
"Delhi, DL, India",2026-11-05,29.8,16.4,22.6,0,0,29.6,14,62.1,0.1,0,0,,,,,13,206.4,1013.3,7.1,1.6,,,,,2026-11-05T06:35:54,2026-11-05T17:33:16,0.86,Clear,,clear-day,
"Delhi, DL, India",2026-11-06,30.2,16,22.5,0,0,29.7,13.5,60.5,0.2,4.8,2,,,,,13,197.9,1012.9,9.7,1.6,,,,,2026-11-06T06:36:39,2026-11-06T17:32:35,0.89,Clear,,clear-day,
"Delhi, DL, India",2026-11-07,29.6,15.9,22.4,0,0,29.5,13.7,61.6,0.2,0,0,,,,,11.9,185.9,1013.2,9.5,1.6,,,,,2026-11-07T06:37:24,2026-11-07T17:31:56,0.93,Clear,,clear-day,
"Delhi, DL, India",2026-11-08,29,15.8,22,0,0,29.1,13.6,62.9,0,0,0,,,,,12.6,179.2,1013.8,9.7,1.5,,,,,2026-11-08T06:38:10,2026-11-08T17:31:18,0.96,Clear,,clear-day,
"Delhi, DL, India",2026-11-09,29.7,15.4,22,0,0,29.4,13.3,61.6,0,0,0,,,,,14,215,1013.9,8.5,1.7,,,,,2026-11-09T06:38:56,2026-11-09T17:30:42,0,Clear,,clear-day,
"Delhi, DL, India",2026-11-10,29.3,15.2,21.8,0,0,28.9,12.5,59.4,0,0,0,,,,,13.7,214.8,1013.8,6.3,1.7,,,,,2026-11-10T06:39:42,2026-11-10T17:30:07,0.03,Clear,,clear-day,
"Delhi, DL, India",2026-11-11,29.3,14.6,21.5,0,0,28.7,11.8,57.8,0,0,0,,,,,13.7,209.1,1013.7,10.3,1.7,,,,,2026-11-11T06:40:28,2026-11-11T17:29:33,0.06,Clear,,clear-day,
"Delhi, DL, India",2026-11-12,28.6,14.7,21.1,0,0,28.8,12.1,60.3,0,0,0,,,,,12.6,191.4,1013.6,13.1,1.5,,,,,2026-11-12T06:41:15,2026-11-12T17:29:01,0.1,Clear,,clear-day,
"Delhi, DL, India",2026-11-13,28.4,14.7,21.2,0,0,28.5,12.6,61.8,0.9,0,0,,,,,14.8,186.2,1013.9,16.5,1.6,,,,,2026-11-13T06:42:02,2026-11-13T17:28:30,0.13,Clear,,clear-day,
"Delhi, DL, India",2026-11-14,28.5,15.2,21.4,0,0,28.4,12.8,61.5,0.3,4.8,2,,,,27.7,15.5,200.3,1014,15.8,1.8,,,,,2026-11-14T06:42:50,2026-11-14T17:28:01,0.16,Clear,,clear-day,
"Delhi, DL, India",2026-11-15,28.4,15,21.1,0,0,28,12.4,61.4,0.1,0,0,,,,,13.7,224.3,1014.2,13.4,1.7,,,,,2026-11-15T06:43:37,2026-11-15T17:27:33,0.19,Clear,,clear-day,
"Delhi, DL, India",2026-11-16,28.1,14.1,21,0,0,28.1,11.9,59.9,0.3,4.8,2,,,,37.1,15.5,228.3,1014.4,11.1,1.9,,,,,2026-11-16T06:44:25,2026-11-16T17:27:07,0.23,Clear,,clear-day,
"Delhi, DL, India",2026-11-17,27.9,14,20.5,0,0,27.7,11.4,59.4,0.3,0,0,,,,33.5,16.2,239.2,1014.5,15.6,2,,,,,2026-11-17T06:45:13,2026-11-17T17:26:42,0.25,Clear,,clear-day,
"Delhi, DL, India",2026-11-18,27.9,13.6,20.4,0,0,27.6,11,58.4,0,0,0,,,,,14.4,243.2,1014.5,13.8,2,,,,,2026-11-18T06:46:01,2026-11-18T17:26:19,0.29,Clear,,clear-day,
"Delhi, DL, India",2026-11-19,27.4,13,19.8,0,0,27.4,10.7,59.7,0,0,0,,,,,14.8,236.8,1014.8,5.8,1.9,,,,,2026-11-19T06:46:49,2026-11-19T17:25:58,0.33,Clear,,clear-day,
"Delhi, DL, India",2026-11-20,27,12.3,19.2,0,0,27.4,10.2,59.7,0.1,0,0,,,,,17.3,237.7,1015.1,6.6,1.9,,,,,2026-11-20T06:47:37,2026-11-20T17:25:38,0.36,Clear,,clear-day,
"Delhi, DL, India",2026-11-21,27.4,12.1,19.2,0,0,27.6,10.1,60,0,0,0,,,,,13,220.6,1015.2,6.9,1.8,,,,,2026-11-21T06:48:25,2026-11-21T17:25:20,0.39,Clear,,clear-day,
"Delhi, DL, India",2026-11-22,27.3,12.1,19.5,0,0,27.9,10.4,60,0,4.8,2,,,,,11.5,194.9,1015.1,10.6,1.8,,,,,2026-11-22T06:49:13,2026-11-22T17:25:03,0.42,Clear,,clear-day,
"Delhi, DL, India",2026-11-23,27.3,12.5,19.4,0,0,27.7,10.5,60.8,0,0,0,,,,29.5,13.7,232.8,1015.3,13.8,1.8,,,,,2026-11-23T06:50:02,2026-11-23T17:24:48,0.46,Clear,,clear-day,
"Delhi, DL, India",2026-11-24,26.1,12.6,19,0,0,27.1,10.3,60.8,0.1,0,0,,,,33.5,14,239.8,1015.3,16.4,1.8,,,,,2026-11-24T06:50:50,2026-11-24T17:24:34,0.5,Clear,,clear-day,
"Delhi, DL, India",2026-11-25,26.8,12.3,19.1,0,0,27.2,9.7,58.8,0,0,0,,,,,15.8,237.9,1015.2,10.2,2,,,,,2026-11-25T06:51:38,2026-11-25T17:24:23,0.52,Clear,,clear-day,
"Delhi, DL, India",2026-11-26,27,12.2,19.1,0,0,27.3,9.4,57.6,0,0,0,,,,,14.8,207.8,1014.8,8.3,2,,,,,2026-11-26T06:52:26,2026-11-26T17:24:12,0.56,Clear,,clear-day,
"Delhi, DL, India",2026-11-27,25.9,11.6,18.6,0,0,27.1,9.5,59.5,0.9,4.8,2,,,,,13.3,209.8,1015,12.7,2,,,,,2026-11-27T06:53:13,2026-11-27T17:24:04,0.59,Clear,,clear-day,
"Delhi, DL, India",2026-11-28,26,11.8,18.4,0,0,27,9.4,60.2,1.3,0,0,,,,,14,217,1015.6,12.1,1.9,,,,,2026-11-28T06:54:01,2026-11-28T17:23:57,0.63,Clear,,clear-day,
"Delhi, DL, India",2026-11-29,26,11.3,18.2,0,0,27.3,9.5,60.9,0.2,0,0,,,,,14.4,215.1,1015.9,10,1.9,,,,,2026-11-29T06:54:48,2026-11-29T17:23:52,0.66,Clear,,clear-day,
"Delhi, DL, India",2026-11-30,25.3,11.3,17.6,0,0,27.3,10,64.7,0,0,0,,,,,14.4,227.4,1015.9,5.6,1.7,,,,,2026-11-30T06:55:35,2026-11-30T17:23:48,0.7,Clear,,clear-day,
"Delhi, DL, India",2026-12-01,25.6,11,17.6,0,0,29,9.2,61.8,0,0,0,,,,,14.4,227.9,1015.9,10.7,1.9,,,,,2026-12-01T06:56:22,2026-12-01T17:23:46,0.75,Clear,,clear-day,
"Delhi, DL, India",2026-12-02,25.4,10.6,17.3,0,0,27.2,8.8,61.2,0,0,0,,,,,15.5,231.8,1016.4,11.1,1.9,,,,,2026-12-02T06:57:08,2026-12-02T17:23:46,0.77,Clear,,clear-day,
"Delhi, DL, India",2026-12-03,25.2,10.4,17.2,0,0,26.7,8.6,61,0,0,0,,,,,13.3,234.8,1016.5,10.2,1.8,,,,,2026-12-03T06:57:54,2026-12-03T17:23:47,0.8,Clear,,clear-day,
"Delhi, DL, India",2026-12-04,25.2,10.4,16.9,0,0,27.3,8.5,61.8,0.6,0,0,,,,,13.7,236.2,1016.2,12.6,1.8,,,,,2026-12-04T06:58:40,2026-12-04T17:23:50,0.83,Clear,,clear-day,
"Delhi, DL, India",2026-12-05,25.3,10.5,17.3,0,0,27,8.9,61.5,0,0,0,,,,,13,215.1,1016,15,1.7,,,,,2026-12-05T06:59:24,2026-12-05T17:23:55,0.87,Clear,,clear-day,
"Delhi, DL, India",2026-12-06,25.3,10.7,17.1,0,0,27,9.3,64.1,0,0,0,,,,,13,219.2,1016.2,14.7,1.7,,,,,2026-12-06T07:00:09,2026-12-06T17:24:01,0.9,Clear,,clear-day,
"Delhi, DL, India",2026-12-07,24.7,10.8,17.1,0,0,26.4,9.4,64.8,0.1,4.8,2,,,,,12.6,234.2,1016,18.2,1.7,,,,,2026-12-07T07:00:53,2026-12-07T17:24:09,0.94,Clear,,clear-day,
"Delhi, DL, India",2026-12-08,24.7,10.3,17.1,0,0,27.4,9.5,64.9,0.1,0,0,,,,,13,210.1,1016,13.7,1.6,,,,,2026-12-08T07:01:36,2026-12-08T17:24:19,0.97,Clear,,clear-day,
"Delhi, DL, India",2026-12-09,24.3,10.2,16.7,0,0,27,9.6,67.3,0,0,0,,,,,14,206.3,1015.5,15.1,1.6,,,,,2026-12-09T07:02:18,2026-12-09T17:24:30,0,Clear,,clear-day,
"Delhi, DL, India",2026-12-10,23.8,10.5,16.5,0,0,26.7,9.6,67.5,0,0,0,,,,,14,197.9,1015.1,15.6,1.5,,,,,2026-12-10T07:03:00,2026-12-10T17:24:42,0.04,Clear,,clear-day,
"Delhi, DL, India",2026-12-11,23,10.4,16,0,0,8.1,9.6,68.7,0.2,4.8,2,,,,,14.8,196,1015.3,20.9,1.6,,,,,2026-12-11T07:03:41,2026-12-11T17:24:57,0.07,Partially cloudy,,partly-cloudy-day,
"Delhi, DL, India",2026-12-12,23.1,10,15.9,0,0,26.5,9.7,70.3,2.1,4.8,2,,,,55.4,14,220.5,1015.9,23.4,1.6,,,,,2026-12-12T07:04:22,2026-12-12T17:25:12,0.11,Partially cloudy,,partly-cloudy-day,
"Delhi, DL, India",2026-12-13,22.4,9.9,15.5,0,0,7,9.5,71.1,1.6,0,0,,,,85.3,15.8,235,1016.6,21.8,1.6,,,,,2026-12-13T07:05:01,2026-12-13T17:25:30,0.14,Partially cloudy,,partly-cloudy-day,
"Delhi, DL, India",2026-12-14,22.4,9.4,15.3,0,0,27.5,9.1,70.2,0.5,4.8,2,,,,25.9,15.5,229.2,1017.3,18.8,1.7,,,,,2026-12-14T07:05:40,2026-12-14T17:25:48,0.17,Clear,,clear-day,
"Delhi, DL, India",2026-12-15,22.8,9.7,15.6,0,0,26.5,9.1,68.9,0.6,4.8,2,,,,,15.8,230.6,1017.3,21.5,1.8,,,,,2026-12-15T07:06:17,2026-12-15T17:26:09,0.21,Partially cloudy,,partly-cloudy-day,
"Delhi, DL, India",2026-12-16,22.7,9.4,15,0,0,27.2,9.2,71.9,0.8,0,0,,,,,13.3,250.5,1018,20.3,1.5,,,,,2026-12-16T07:06:54,2026-12-16T17:26:30,0.24,Partially cloudy,,partly-cloudy-day,
"Delhi, DL, India",2026-12-17,22.5,8.9,15,0,0,27.7,9.1,71.5,0,0,0,,,,,14,259.4,1018.2,18.1,1.5,,,,,2026-12-17T07:07:30,2026-12-17T17:26:54,0.25,Clear,,clear-day,
"Delhi, DL, India",2026-12-18,22.6,8.4,14.8,0,0,27.1,8.9,71.7,0,0,0,,,,,14,254.9,1017.5,11.6,1.5,,,,,2026-12-18T07:08:04,2026-12-18T17:27:18,0.31,Clear,,clear-day,
"Delhi, DL, India",2026-12-19,21.7,8.6,14.4,0,0,7.2,8.7,72.4,0,0,0,,,,,14,218.9,1017.4,13,1.4,,,,,2026-12-19T07:08:38,2026-12-19T17:27:44,0.34,Clear,,clear-day,
"Delhi, DL, India",2026-12-20,21.1,8.8,14.2,0,0,27,9,73.9,0,0,0,,,,,16.2,224.4,1017.3,18.8,1.4,,,,,2026-12-20T07:09:10,2026-12-20T17:28:11,0.37,Clear,,clear-day,
"Delhi, DL, India",2026-12-21,21.3,8.9,14.3,0,0,26.4,9,74.3,0,0,0,,,,59.4,14.4,230.1,1017.4,11.3,1.4,,,,,2026-12-21T07:09:41,2026-12-21T17:28:40,0.41,Clear,,clear-day,
"Delhi, DL, India",2026-12-22,21.1,8.2,14,0,0,26.9,8.5,73.6,0,0,0,,,,33.5,13.7,228.4,1017.4,8,1.3,,,,,2026-12-22T07:10:12,2026-12-22T17:29:10,0.44,Clear,,clear-day,
"Delhi, DL, India",2026-12-23,20.2,8.1,13.4,0,0,5.9,8.8,76.8,0,0,0,,,,,13,216.7,1017.3,14,1.2,,,,,2026-12-23T07:10:41,2026-12-23T17:29:41,0.47,Clear,,clear-day,
"Delhi, DL, India",2026-12-24,20.3,7.9,13.2,0,0,27.3,8.6,77.3,0.1,0,0,,,,,12.6,241.7,1017.5,9.9,1.2,,,,,2026-12-24T07:11:08,2026-12-24T17:30:13,0.5,Clear,,clear-day,
"Delhi, DL, India",2026-12-25,19.5,7.4,12.7,0,0,5.8,8.2,77.5,0,0,0,,,,53.6,15.5,260.9,1017.5,6.9,1.2,,,,,2026-12-25T07:11:35,2026-12-25T17:30:47,0.54,Clear,,clear-day,
"Delhi, DL, India",2026-12-26,20,7.1,12.5,0,0,5.6,7.8,76.8,0.1,0,0,,,,,14.4,242.3,1017.2,10.8,1.2,,,,,2026-12-26T07:12:00,2026-12-26T17:31:22,0.57,Clear,,clear-day,
"Delhi, DL, India",2026-12-27,20.7,7.3,13.1,0,0,6.4,7.8,74.1,0,0,0,,,,,13,222.1,1017.5,14.6,1.2,,,,,2026-12-27T07:12:23,2026-12-27T17:31:58,0.61,Clear,,clear-day,
"Delhi, DL, India",2026-12-28,20.5,7.2,13.1,0,0,6.2,7.8,74.4,0,0,0,,,,,14.8,227.3,1017.8,10.5,1.2,,,,,2026-12-28T07:12:46,2026-12-28T17:32:35,0.64,Clear,,clear-day,
"Delhi, DL, India",2026-12-29,20.6,7,13.1,0,0,6.5,8,75.3,0,0,0,,,,33.5,13.3,232.6,1017.8,13,1.1,,,,,2026-12-29T07:13:07,2026-12-29T17:33:13,0.68,Clear,,clear-day,
"Delhi, DL, India",2026-12-30,19.6,6.9,12.5,0,0,4.9,8.4,79.4,0.4,9.5,4,,,,,12.2,198.4,1017.4,18.1,1,,,,,2026-12-30T07:13:26,2026-12-30T17:33:51,0.71,Clear,,clear-day,
"Delhi, DL, India",2026-12-31,19,8.3,12.9,0,0,5.7,8.8,79.6,1.4,5,2,,,,,15.5,186,1017.1,25.9,1.2,,,,,2026-12-31T07:13:44,2026-12-31T17:34:31,0.75,Partially cloudy,,partly-cloudy-day,
